,Period No.,Pair No.,Round Trip No.,Start Date,End Date,crypto 1,crypto 2,crypto 1 return,crypto 2 return,crypto 1 Long/Short,crypto 2 Long/Short,Quantity,Total Return
0,1,1,1,2019-01-01,2019-03-01,CRYPTO:MANAUSD,CRYPTO:USDTUSD,-0.08514087941712278,0.009946290033817529,1,-1,1,0.01142526585997357
1,1,2,1,2019-01-11,2019-03-01,CRYPTO:MANAUSD,CRYPTO:LINKUSD,0.09238630817439342,0.00022190878930505864,1,-1,1,0.015691638745247514
2,1,3,1,2019-01-01,2019-03-01,CRYPTO:BATUSD,CRYPTO:USDTUSD,0.24166907883461564,0.009946290033817529,1,-1,1,0.07327074518371544
3,2,1,1,2019-04-21,2019-04-29,CRYPTO:MANAUSD,CRYPTO:BATUSD,-0.11791594564677788,0.16286290264739822,1,-1,1,0.26311342488130096
4,2,2,1,2019-03-08,2019-04-29,CRYPTO:MANAUSD,CRYPTO:ENJUSD,0.06546747816799448,0.3009859570675537,1,-1,1,0.5168646742916284
5,2,3,1,2019-03-06,2019-04-29,CRYPTO:MANAUSD,CRYPTO:BNBUSD,0.15700003728331446,-0.4732919683926855,1,-1,1,-0.942926980147447
6,2,4,1,2019-04-21,2019-04-29,CRYPTO:XMRUSD,CRYPTO:BATUSD,-0.11446926558621695,0.16286290264739822,1,-1,1,-0.22539674538957363
7,2,5,1,2019-04-21,2019-04-29,CRYPTO:ARDRUSD,CRYPTO:BATUSD,-0.21352344444557125,0.16286290264739822,1,-1,1,0.21010335869368366
8,2,6,1,2019-04-20,2019-04-29,CRYPTO:XRPUSD,CRYPTO:BATUSD,-0.12088783194609598,0.1089310862650078,1,-1,1,0.014549283934753214
9,2,7,1,2019-04-21,2019-04-29,CRYPTO:PIVXUSD,CRYPTO:BATUSD,-0.3478599129953578,0.16286290264739822,1,-1,1,-0.3635846285402311
10,2,8,1,2019-04-21,2019-04-29,CRYPTO:QTUMUSD,CRYPTO:BATUSD,-0.16782083692385896,0.16286290264739822,1,-1,1,-0.24359739731657926
11,2,9,1,2019-04-20,2019-04-29,CRYPTO:NEOUSD,CRYPTO:BATUSD,-0.1515677394641457,0.1089310862650078,1,-1,1,-0.28415361730299077
12,2,10,1,2019-04-25,2019-04-29,CRYPTO:USDTUSD,CRYPTO:BATUSD,0.0025484199796126372,0.0404395596199526,1,-1,1,0.02641560985745565
13,2,11,1,2019-04-21,2019-04-29,CRYPTO:SNTUSD,CRYPTO:BATUSD,-0.14938050319660345,0.16286290264739822,1,-1,1,0.29162413639715795
14,2,12,1,2019-04-20,2019-04-29,CRYPTO:OMGUSD,CRYPTO:BATUSD,-0.23195789669224198,0.1089310862650078,1,-1,1,-0.3445590680071881
15,2,13,1,2019-04-21,2019-04-29,CRYPTO:ARKUSD,CRYPTO:BATUSD,-0.23727287906942907,0.16286290264739822,1,-1,1,-0.13748256969268632
16,2,14,1,2019-04-20,2019-04-29,CRYPTO:ETCUSD,CRYPTO:BATUSD,-0.12008978675645332,0.1089310862650078,1,-1,1,-0.21169979246829249
17,2,15,1,2019-04-20,2019-04-29,CRYPTO:BTGUSD,CRYPTO:BATUSD,-0.08768873403019739,0.1089310862650078,1,-1,1,-0.1661558935682116
18,2,16,1,2019-04-19,2019-04-29,CRYPTO:ZRXUSD,CRYPTO:BATUSD,-0.1795415388751085,0.02536356943864615,1,-1,1,-0.13945106112276345
19,2,17,1,2019-04-21,2019-04-29,CRYPTO:BTSUSD,CRYPTO:BATUSD,-0.19530086184247142,0.16286290264739822,1,-1,1,0.23751706510629644
20,2,18,1,2019-04-20,2019-04-29,CRYPTO:ZILUSD,CRYPTO:BATUSD,-0.25155325699255016,0.1089310862650078,1,-1,1,0.18174326228182436
21,2,19,1,2019-04-19,2019-04-29,CRYPTO:XLMUSD,CRYPTO:BATUSD,-0.18820939968063533,0.02536356943864615,1,-1,1,-0.04946717204928619
22,2,20,1,2019-04-20,2019-04-29,CRYPTO:ZECUSD,CRYPTO:BATUSD,-0.1833691756272401,0.1089310862650078,1,-1,1,-0.3632929924254323
23,2,21,1,2019-04-19,2019-04-29,CRYPTO:AEUSD,CRYPTO:BATUSD,-0.19646444355162718,0.02536356943864615,1,-1,1,-0.2014286608591232
24,2,22,1,2019-04-21,2019-04-29,CRYPTO:DCRUSD,CRYPTO:BATUSD,-0.10343805855421895,0.16286290264739822,1,-1,1,-0.19780864885723878
25,2,23,1,2019-04-20,2019-04-29,CRYPTO:BTMUSD,CRYPTO:BATUSD,-0.16453537936913898,0.1089310862650078,1,-1,1,0.09699939830686465
26,2,24,1,2019-04-20,2019-04-29,CRYPTO:ICXUSD,CRYPTO:BATUSD,-0.14546027421777685,0.1089310862650078,1,-1,1,-0.024643661887395904
27,2,25,1,2019-04-20,2019-04-29,CRYPTO:STEEMUSD,CRYPTO:BATUSD,-0.2592723461473927,0.1089310862650078,1,-1,1,-0.16437326594484195
28,2,26,1,2019-04-21,2019-04-29,CRYPTO:BCDUSD,CRYPTO:BATUSD,-0.1695075757575758,0.16286290264739822,1,-1,1,-0.14345588105039517
29,2,27,1,2019-04-19,2019-04-29,CRYPTO:MIOTAUSD,CRYPTO:BATUSD,-0.022985280405790287,0.02536356943864615,1,-1,1,0.007230289971531083
30,2,28,1,2019-04-21,2019-04-29,CRYPTO:LRCUSD,CRYPTO:BATUSD,-0.1559206063471461,0.16286290264739822,1,-1,1,0.24029208582538777
31,2,29,1,2019-04-21,2019-04-29,CRYPTO:ELFUSD,CRYPTO:BATUSD,-0.17585130208320776,0.16286290264739822,1,-1,1,0.12411770265952456
32,2,30,1,2019-04-21,2019-04-29,CRYPTO:LSKUSD,CRYPTO:BATUSD,-0.1692180429039677,0.16286290264739822,1,-1,1,-0.2180875180385522
33,2,31,1,2019-04-21,2019-04-29,CRYPTO:ETHUSD,CRYPTO:BATUSD,-0.06524282846198382,0.16286290264739822,1,-1,1,-0.12949849247073134
34,3,1,1,2019-06-22,2019-06-29,CRYPTO:MANAUSD,CRYPTO:BTCUSD,-0.09485158680377936,-0.11264789619681426,1,-1,1,-0.22529560780369867
35,3,2,1,2019-05-09,2019-06-29,CRYPTO:MANAUSD,CRYPTO:LINKUSD,0.05676579148965799,-4.957908254808357,1,-1,1,-9.22244098425787
36,3,3,1,2019-05-02,2019-06-29,CRYPTO:MANAUSD,CRYPTO:BNBUSD,-0.02737515468424989,-0.5275575910979047,1,-1,1,-1.0528982723618339
37,3,4,1,2019-05-01,2019-06-29,CRYPTO:SCUSD,CRYPTO:BATUSD,0.20501999272991656,0.15744502076569689,1,-1,1,0.315566358892876
38,3,5,1,2019-05-01,2019-06-29,CRYPTO:XRPUSD,CRYPTO:BATUSD,0.42238436307651117,0.15744502076569689,1,-1,1,0.5466655327363172
39,3,6,1,2019-05-02,2019-05-26,CRYPTO:USDTUSD,CRYPTO:BATUSD,0.029570714795554176,0.04793679417606256,1,-1,1,0.06925152099714929
40,3,7,1,2019-05-01,2019-06-29,CRYPTO:ZRXUSD,CRYPTO:BATUSD,0.15578094191774028,0.15744502076569689,1,-1,1,0.31350213553330614
41,3,8,1,2019-05-01,2019-06-29,CRYPTO:ZILUSD,CRYPTO:BATUSD,0.019059621274459815,0.15744502076569689,1,-1,1,0.30293148878543125
42,3,9,1,2019-05-01,2019-06-29,CRYPTO:XLMUSD,CRYPTO:BATUSD,0.1458487805855595,0.15744502076569689,1,-1,1,0.31010852966321995
43,3,10,1,2019-06-13,2019-06-29,CRYPTO:BATUSD,CRYPTO:LINKUSD,-0.006304084352737327,-1.0454257217904939,1,-1,1,-1.7808293274074147
44,3,11,1,2019-05-01,2019-06-29,CRYPTO:ZECUSD,CRYPTO:BATUSD,0.8847171683757857,0.15744502076569689,1,-1,1,1.7602476730524121
45,3,12,1,2019-05-01,2019-06-29,CRYPTO:AEUSD,CRYPTO:BATUSD,0.23378212974296209,0.15744502076569689,1,-1,1,0.3935590531231257
46,3,13,1,2019-05-01,2019-06-29,CRYPTO:STEEMUSD,CRYPTO:BATUSD,0.10274886430248653,0.15744502076569689,1,-1,1,0.26318661046373987
47,4,1,1,2019-07-11,2019-08-29,CRYPTO:WAVESUSD,CRYPTO:BATUSD,-0.24925071311078384,0.4228619384767749,1,-1,1,-0.2760301735542227
48,4,2,1,2019-07-01,2019-08-29,CRYPTO:BATUSD,CRYPTO:LINKUSD,-0.4838285308989039,0.5094491399354263,1,-1,1,0.853267524734878
49,4,3,1,2019-08-07,2019-08-29,CRYPTO:WAVESUSD,CRYPTO:XMRUSD,-0.1815589164544371,0.31465517241379304,1,-1,1,0.6155916462875887
50,4,4,1,2019-08-07,2019-08-29,CRYPTO:ZILUSD,CRYPTO:XMRUSD,-0.21797809879593721,0.31465517241379304,1,-1,1,0.6292135116906394
51,4,5,1,2019-07-01,2019-08-29,CRYPTO:XMRUSD,CRYPTO:LINKUSD,-0.2473796911980165,0.5094491399354263,1,-1,1,-0.4352691361061655
52,5,1,1,2019-10-20,2019-10-30,CRYPTO:WAVESUSD,CRYPTO:BATUSD,-0.035012394724026064,-0.034523195350852465,1,-1,1,-0.06981118934082234
53,5,2,1,2019-10-22,2019-10-30,CRYPTO:XVGUSD,CRYPTO:BATUSD,0.1833950982529351,0.02474883499884062,1,-1,1,0.053681589131658096
54,5,3,1,2019-10-23,2019-10-30,CRYPTO:SNTUSD,CRYPTO:BATUSD,0.11506703814083852,0.028091398147269686,1,-1,1,0.06410604300202796
55,5,4,1,2019-10-22,2019-10-30,CRYPTO:ZILUSD,CRYPTO:BATUSD,0.05443659547369317,0.02474883499884062,1,-1,1,0.05075891472373714
56,5,5,1,2019-10-23,2019-10-30,CRYPTO:BCDUSD,CRYPTO:BATUSD,0.198581560283688,0.028091398147269686,1,-1,1,0.27336020242501247
57,5,6,1,2019-10-23,2019-10-30,CRYPTO:LSKUSD,CRYPTO:BATUSD,0.15426479793538905,0.028091398147269686,1,-1,1,0.24278945543377234
58,5,7,1,2019-09-05,2019-10-30,CRYPTO:ZILUSD,CRYPTO:XMRUSD,-0.18791188905684375,0.23184210526315785,1,-1,1,0.46360941563264296
59,5,8,1,2019-10-11,2019-10-30,CRYPTO:XMRUSD,CRYPTO:LINKUSD,0.08111111111111113,0.049094937453932674,1,-1,1,0.15912146494570317
60,6,1,1,2019-11-02,2019-12-30,CRYPTO:TUSDUSD,CRYPTO:OKBUSD,-0.029811259629343834,0.1795044768796762,1,-1,1,0.2620115256170497
61,6,2,1,2019-11-01,2019-12-30,CRYPTO:KMDUSD,CRYPTO:OKBUSD,-0.05935722452021697,0.1425366916618599,1,-1,1,0.22478175527525895
62,6,3,1,2019-11-01,2019-12-30,CRYPTO:DASHUSD,CRYPTO:OKBUSD,-0.41546068667734526,0.1425366916618599,1,-1,1,-0.7844347505726444
63,6,4,1,2019-12-17,2019-12-30,CRYPTO:ARDRUSD,CRYPTO:OKBUSD,-0.0597897546408217,-0.16116993577503935,1,-1,1,-0.3187837210798986
64,6,5,1,2019-11-06,2019-12-30,CRYPTO:SCUSD,CRYPTO:OKBUSD,-0.3392622745306255,0.20799171229835722,1,-1,1,0.4153248518194944
65,6,6,1,2019-11-12,2019-12-30,CRYPTO:XRPUSD,CRYPTO:OKBUSD,-0.29242647058823534,0.15717525513418162,1,-1,1,0.24339097133573148
66,6,7,1,2019-11-01,2019-12-30,CRYPTO:WAVESUSD,CRYPTO:OKBUSD,0.2959175917604815,0.1425366916618599,1,-1,1,0.3472268586722467
67,6,8,1,2019-11-01,2019-12-30,CRYPTO:XVGUSD,CRYPTO:OKBUSD,-0.04926757156296191,0.1425366916618599,1,-1,1,0.284616575028074
68,6,9,1,2019-11-01,2019-12-30,CRYPTO:OMGUSD,CRYPTO:OKBUSD,-0.3628065361239762,0.1425366916618599,1,-1,1,0.04317552643871863
69,6,10,1,2019-12-04,2019-12-30,CRYPTO:ETCUSD,CRYPTO:OKBUSD,0.2272848387956301,-0.04287161898822989,1,-1,1,0.23517123504462856
70,6,11,1,2019-11-17,2019-12-30,CRYPTO:BTGUSD,CRYPTO:OKBUSD,,0.06831476323119767,1,-1,1,-0.3577008928571428
71,6,12,1,2019-11-01,2019-12-30,CRYPTO:BTSUSD,CRYPTO:OKBUSD,-0.49897750791024775,0.1425366916618599,1,-1,1,0.2731640695902717
72,6,13,1,2019-12-12,2019-12-30,CRYPTO:TRXUSD,CRYPTO:OKBUSD,-0.033177515746100505,-0.013598999962119773,1,-1,1,-0.027402260499887095
73,6,14,1,2019-11-01,2019-12-30,CRYPTO:XLMUSD,CRYPTO:OKBUSD,-0.3431915047316333,0.1425366916618599,1,-1,1,0.26399399338206125
74,6,15,1,2019-11-01,2019-12-30,CRYPTO:ZECUSD,CRYPTO:OKBUSD,-0.25763962065331936,0.1425366916618599,1,-1,1,-0.45448216433060856
75,6,16,1,2019-11-01,2019-12-30,CRYPTO:AEUSD,CRYPTO:OKBUSD,-0.4108597285067873,0.1425366916618599,1,-1,1,0.21187455111323908
76,6,17,1,2019-11-01,2019-12-30,CRYPTO:ICXUSD,CRYPTO:OKBUSD,-0.29533065766809996,0.1425366916618599,1,-1,1,0.24159471662795534
77,6,18,1,2019-11-01,2019-12-30,CRYPTO:STEEMUSD,CRYPTO:OKBUSD,-0.13342590640243024,0.1425366916618599,1,-1,1,0.2596443605047108
78,6,19,1,2019-11-01,2019-12-30,CRYPTO:BCDUSD,CRYPTO:OKBUSD,-0.40075614366729684,0.1425366916618599,1,-1,1,0.1275756247259973
79,6,20,1,2019-11-22,2019-12-30,CRYPTO:MIOTAUSD,CRYPTO:OKBUSD,-0.2401108680849301,-0.2656323905023179,1,-1,1,-0.5266726171077432
80,6,21,1,2019-11-01,2019-12-30,CRYPTO:LSKUSD,CRYPTO:OKBUSD,-0.29350830261530714,0.1425366916618599,1,-1,1,0.10608382788588218
81,6,22,1,2019-12-04,2019-12-30,CRYPTO:ETHUSD,CRYPTO:OKBUSD,-0.09883970777825524,-0.04287161898822989,1,-1,1,-0.1957388787952701
82,6,23,1,2019-11-06,2019-12-30,CRYPTO:TUSDUSD,CRYPTO:BATUSD,-0.0036836882395064885,0.28578328954226984,1,-1,1,0.11751051533313522
83,6,24,1,2019-11-17,2019-12-30,CRYPTO:WAVESUSD,CRYPTO:BATUSD,0.33718079239915544,0.3154835373732615,1,-1,1,0.662930439112869
84,6,25,1,2019-11-17,2019-12-30,CRYPTO:BTGUSD,CRYPTO:BATUSD,,0.3154835373732615,1,-1,1,-0.5332687094095141
85,6,26,1,2019-12-17,2019-12-30,CRYPTO:BATUSD,CRYPTO:SNXUSD,0.21555823576397692,0.03280752021916178,1,-1,1,0.10522534245119605
86,7,1,1,2020-01-01,2020-02-29,CRYPTO:TUSDUSD,CRYPTO:OKBUSD,0.006206963118177589,-1.2182789543980155,1,-1,1,-1.7840512651803488
87,7,2,1,2020-01-02,2020-02-29,CRYPTO:KMDUSD,CRYPTO:OKBUSD,0.2029386142747771,-1.2788035595280096,1,-1,1,-2.085472167858135
88,7,3,1,2020-01-01,2020-02-29,CRYPTO:DASHUSD,CRYPTO:OKBUSD,1.0423369448231328,-1.2182789543980155,1,-1,1,1.8180187479603434
89,7,4,1,2020-01-01,2020-02-29,CRYPTO:SCUSD,CRYPTO:OKBUSD,0.7197528055808311,-1.2182789543980155,1,-1,1,-2.4346082116735146
90,7,5,1,2020-01-01,2020-02-29,CRYPTO:XRPUSD,CRYPTO:OKBUSD,0.18935064935064916,-1.2182789543980155,1,-1,1,-2.2439033060789195
91,7,6,1,2020-02-16,2020-02-29,CRYPTO:WAVESUSD,CRYPTO:OKBUSD,-0.18375590832285527,0.1354848304580607,1,-1,1,0.16183816486353436
92,7,7,1,2020-01-03,2020-02-29,CRYPTO:XVGUSD,CRYPTO:OKBUSD,0.15227230454460905,-1.1988954456044785,1,-1,1,-2.3944974391590104
93,7,8,1,2020-01-01,2020-02-29,CRYPTO:OMGUSD,CRYPTO:OKBUSD,0.38005642843203,-1.2182789543980155,1,-1,1,-1.8277179280557418
94,7,9,1,2020-02-26,2020-02-29,CRYPTO:ONTUSD,CRYPTO:OKBUSD,-0.02263596287696301,-0.029396139543120148,1,-1,1,-0.05733324190277267
95,7,10,1,2020-01-02,2020-02-29,CRYPTO:ZRXUSD,CRYPTO:OKBUSD,0.3116475192237276,-1.2788035595280096,1,-1,1,-2.353632335956773
96,7,11,1,2020-01-01,2020-02-29,CRYPTO:TRXUSD,CRYPTO:OKBUSD,0.27341027429700704,-1.2182789543980155,1,-1,1,-2.421586106140042
97,7,12,1,2020-01-01,2020-02-29,CRYPTO:XLMUSD,CRYPTO:OKBUSD,0.2617870680291712,-1.2182789543980155,1,-1,1,-2.3864604501853792
98,7,13,1,2020-02-16,2020-02-29,CRYPTO:IOSTUSD,CRYPTO:OKBUSD,-0.2417922303881248,0.1354848304580607,1,-1,1,0.27021322090675304
99,7,14,1,2020-01-01,2020-02-29,CRYPTO:ZECUSD,CRYPTO:OKBUSD,0.7525035765379113,-1.2182789543980155,1,-1,1,1.1672471019113486
100,7,15,1,2020-02-17,2020-02-29,CRYPTO:DCRUSD,CRYPTO:OKBUSD,-0.14190755476059036,0.12428442301898168,1,-1,1,-0.15131170309221934
101,7,16,1,2020-02-26,2020-02-29,CRYPTO:BTMUSD,CRYPTO:OKBUSD,-0.02564102564102566,-0.029396139543120148,1,-1,1,-0.05868995633187754
102,7,17,1,2020-01-01,2020-02-03,CRYPTO:ICXUSD,CRYPTO:OKBUSD,2.2473090370290185,-0.2524327418431598,1,-1,1,-0.29665385498141034
103,7,18,1,2020-02-26,2020-02-29,CRYPTO:STEEMUSD,CRYPTO:OKBUSD,0.1146847108057365,-0.029396139543120148,1,-1,1,-0.050663133365510114
104,7,19,1,2020-01-01,2020-02-29,CRYPTO:BCDUSD,CRYPTO:OKBUSD,0.9041533546325877,-1.2182789543980155,1,-1,1,-1.983637293335606
105,7,20,1,2020-01-01,2020-02-29,CRYPTO:MIOTAUSD,CRYPTO:OKBUSD,0.3243989891129688,-1.2182789543980155,1,-1,1,-2.2586224124674956
106,7,21,1,2020-01-01,2020-02-29,CRYPTO:LSKUSD,CRYPTO:OKBUSD,1.3239058706688773,-1.2182789543980155,1,-1,1,-1.554057131687617
107,7,22,1,2020-01-01,2020-02-29,CRYPTO:ETHUSD,CRYPTO:OKBUSD,0.6698717948717952,-1.2182789543980155,1,-1,1,1.265272180643511
108,7,23,1,2020-01-14,2020-02-29,CRYPTO:BATUSD,CRYPTO:BSVUSD,-0.01586038294077252,0.4314214463840399,1,-1,1,0.8623661239608118
109,7,24,1,2020-01-28,2020-02-29,CRYPTO:BATUSD,CRYPTO:ETCUSD,-0.054425216099606266,0.35595446584938695,1,-1,1,0.6962197266980721
110,7,25,1,2020-02-04,2020-02-29,CRYPTO:TUSDUSD,CRYPTO:XMRUSD,0.013403875166131396,0.11764705882352933,1,-1,1,0.23269288943684266
111,7,26,1,2020-01-14,2020-02-29,CRYPTO:XMRUSD,CRYPTO:BSVUSD,0.053135471517472554,0.4314214463840399,1,-1,1,0.7605840360601289
112,8,1,1,2020-03-01,2020-04-29,CRYPTO:BATUSD,CRYPTO:OKBUSD,-0.07141260481419776,0.016480498077275252,1,-1,1,0.02647355300717284
113,8,2,1,2020-03-08,2020-04-29,CRYPTO:XMRUSD,CRYPTO:OKBUSD,0.17506207875133017,-0.14691437112961792,1,-1,1,0.3007385814650442
114,8,3,1,2020-03-01,2020-04-29,CRYPTO:DOGEUSD,CRYPTO:OKBUSD,0.09575505729618783,0.016480498077275252,1,-1,1,0.03302742042038566
115,8,4,1,2020-03-01,2020-04-29,CRYPTO:TUSDUSD,CRYPTO:OKBUSD,0.0484372761845282,0.016480498077275252,1,-1,1,0.04268034801153926
116,8,5,1,2020-03-15,2020-04-29,CRYPTO:REPUSD,CRYPTO:OKBUSD,0.4619492656875832,-0.4372491303184374,1,-1,1,0.3252872539413911
117,8,6,1,2020-03-29,2020-04-29,CRYPTO:KCSUSD,CRYPTO:OKBUSD,0.16547566397430247,-0.37717948717948735,1,-1,1,-0.5584192367656886
118,8,7,1,2020-03-01,2020-04-29,CRYPTO:KMDUSD,CRYPTO:OKBUSD,-0.06686979494733836,0.016480498077275252,1,-1,1,0.016810597069185633
119,8,8,1,2020-03-14,2020-04-29,CRYPTO:DASHUSD,CRYPTO:OKBUSD,0.8418635142043289,-0.7154263813478126,1,-1,1,1.4859639677067658
120,8,9,1,2020-03-12,2020-04-29,CRYPTO:SCUSD,CRYPTO:OKBUSD,1.0760215882806476,-1.0809763657497098,1,-1,1,-2.1604357614770073
121,8,10,1,2020-03-01,2020-04-29,CRYPTO:XRPUSD,CRYPTO:OKBUSD,-0.0006168216063796583,0.016480498077275252,1,-1,1,0.03159650982688019
122,8,11,1,2020-03-01,2020-04-29,CRYPTO:WAVESUSD,CRYPTO:OKBUSD,-0.015022606185602694,0.016480498077275252,1,-1,1,0.022268064439185897
123,8,12,1,2020-03-01,2020-04-29,CRYPTO:QTUMUSD,CRYPTO:OKBUSD,-0.19327711745309883,0.016480498077275252,1,-1,1,-0.08053061941960576
124,8,13,1,2020-03-12,2020-04-29,CRYPTO:NEOUSD,CRYPTO:OKBUSD,0.6155678097422927,-1.0809763657497098,1,-1,1,0.17512036229095698
125,8,14,1,2020-03-01,2020-04-29,CRYPTO:OMGUSD,CRYPTO:OKBUSD,-0.0992066980512224,0.016480498077275252,1,-1,1,0.0019255431277999293
126,8,15,1,2020-03-15,2020-04-29,CRYPTO:ENJUSD,CRYPTO:OKBUSD,1.8277061306931062,-0.4372491303184374,1,-1,1,-0.8139820535147639
127,8,16,1,2020-03-01,2020-04-29,CRYPTO:ONTUSD,CRYPTO:OKBUSD,-0.24213582381705723,0.016480498077275252,1,-1,1,-0.02454079688459963
128,8,17,1,2020-03-01,2020-04-29,CRYPTO:EOSUSD,CRYPTO:OKBUSD,-0.14267466157214181,0.016480498077275252,1,-1,1,-0.09156040525944553
129,8,18,1,2020-03-01,2020-04-29,CRYPTO:ZRXUSD,CRYPTO:OKBUSD,-0.07265760272872845,0.016480498077275252,1,-1,1,0.02574288356350069
130,8,19,1,2020-03-01,2020-04-29,CRYPTO:BTSUSD,CRYPTO:OKBUSD,-0.16895258292846693,0.016480498077275252,1,-1,1,0.031323579917024426
131,8,20,1,2020-03-01,2020-04-29,CRYPTO:TRXUSD,CRYPTO:OKBUSD,-0.022271685350129355,0.016480498077275252,1,-1,1,0.03272655430638457
132,8,21,1,2020-03-12,2020-04-29,CRYPTO:THETAUSD,CRYPTO:OKBUSD,1.2045653184672842,-1.0809763657497098,1,-1,1,-2.0705488201447353
133,8,22,1,2020-03-01,2020-04-29,CRYPTO:XLMUSD,CRYPTO:OKBUSD,0.2957367883447126,0.016480498077275252,1,-1,1,0.03861040533801908
134,8,23,1,2020-03-15,2020-04-29,CRYPTO:BCHUSD,CRYPTO:OKBUSD,0.4374925354701362,-0.4372491303184374,1,-1,1,0.8392922314936271
135,8,24,1,2020-03-01,2020-04-29,CRYPTO:IOSTUSD,CRYPTO:OKBUSD,-0.22701677921214902,0.016480498077275252,1,-1,1,0.03250515455081454
136,8,25,1,2020-03-14,2020-04-29,CRYPTO:ZECUSD,CRYPTO:OKBUSD,0.8742538798249107,-0.7154263813478126,1,-1,1,1.3962704787516367
137,8,26,1,2020-03-01,2020-04-29,CRYPTO:DCRUSD,CRYPTO:OKBUSD,-0.18236273224470712,0.016480498077275252,1,-1,1,-0.26856176233057244
138,8,27,1,2020-03-01,2020-04-29,CRYPTO:BTMUSD,CRYPTO:OKBUSD,-0.09174311926605516,0.016480498077275252,1,-1,1,0.029978509381828635
139,8,28,1,2020-03-01,2020-04-29,CRYPTO:ADAUSD,CRYPTO:OKBUSD,0.12744133149618353,0.016480498077275252,1,-1,1,0.03480363911531408
140,8,29,1,2020-03-01,2020-04-29,CRYPTO:STEEMUSD,CRYPTO:OKBUSD,0.10847502235948281,0.016480498077275252,1,-1,1,0.03874617575199671
141,8,30,1,2020-03-03,2020-04-29,CRYPTO:MKRUSD,CRYPTO:OKBUSD,-0.34210890137642547,0.017200365965233222,1,-1,1,-0.6769558417099801
142,8,31,1,2020-03-01,2020-04-29,CRYPTO:MIOTAUSD,CRYPTO:OKBUSD,-0.11402262186422751,0.016480498077275252,1,-1,1,0.023286904674854662
143,8,32,1,2020-03-01,2020-04-29,CRYPTO:LTCUSD,CRYPTO:OKBUSD,-0.15423425557704706,0.016480498077275252,1,-1,1,-0.27896092921764354
144,8,33,1,2020-03-01,2020-04-29,CRYPTO:BNBUSD,CRYPTO:OKBUSD,-0.07963121733049838,0.016480498077275252,1,-1,1,-0.1161795785546427
145,8,34,1,2020-03-12,2020-04-29,CRYPTO:ETHUSD,CRYPTO:OKBUSD,0.9698478687925443,-1.0809763657497098,1,-1,1,1.8451966507774982
146,8,35,1,2020-03-13,2020-03-16,CRYPTO:BATUSD,CRYPTO:TUSDUSD,-0.16220289586416148,0.10591318972562425,1,-1,1,0.14972147630522123
147,8,36,1,2020-03-01,2020-04-29,CRYPTO:BATUSD,CRYPTO:XTZUSD,-0.07141260481419776,-0.12312744416873445,1,-1,1,-0.23860349362479788
148,8,37,1,2020-03-12,2020-04-29,CRYPTO:BATUSD,CRYPTO:BSVUSD,0.749179525777719,-1.1518026565464896,1,-1,1,-2.299602269836311
149,8,38,1,2020-03-12,2020-04-29,CRYPTO:BATUSD,CRYPTO:USDTUSD,0.749179525777719,0.0034846674631621166,1,-1,1,0.1554962916521328
150,8,39,1,2020-03-12,2020-04-29,CRYPTO:BATUSD,CRYPTO:SNXUSD,0.749179525777719,-0.8649879878448297,1,-1,1,-1.0919316194222344
151,8,40,1,2020-03-12,2020-04-29,CRYPTO:BATUSD,CRYPTO:LINKUSD,0.749179525777719,-0.8889336523824107,1,-1,1,-1.610282456064767
152,8,41,1,2020-03-01,2020-04-29,CRYPTO:BATUSD,CRYPTO:KNCUSD,-0.07141260481419776,0.1432911392405064,1,-1,1,0.19665698443891427
153,8,42,1,2020-03-19,2020-04-29,CRYPTO:BATUSD,CRYPTO:STEEMUSD,0.41952049109041356,0.33869296290133066,1,-1,1,0.7283682030486647
154,8,43,1,2020-03-16,2020-04-29,CRYPTO:MKRUSD,CRYPTO:BATUSD,0.7058286824714639,-0.7298910193557335,1,-1,1,1.4100959539484952
155,8,44,1,2020-03-13,2020-03-16,CRYPTO:XMRUSD,CRYPTO:TUSDUSD,-0.09083601286173637,0.10591318972562425,1,-1,1,-0.17116750148798537
156,8,45,1,2020-03-12,2020-04-03,CRYPTO:XMRUSD,CRYPTO:KCSUSD,0.6403590219746207,0.1202897593827521,1,-1,1,1.2476722487945078
157,9,1,1,2020-05-03,2020-06-29,CRYPTO:TUSDUSD,CRYPTO:OKBUSD,0.02860994015986007,0.05193100862392186,1,-1,1,0.09666900203064781
158,9,2,1,2020-05-01,2020-06-29,CRYPTO:KCSUSD,CRYPTO:OKBUSD,-0.1003769238823159,0.06455789863115047,1,-1,1,0.07958686390718568
159,9,3,1,2020-05-01,2020-06-29,CRYPTO:KMDUSD,CRYPTO:OKBUSD,0.18513002061079575,0.06455789863115047,1,-1,1,0.1503382152302648
160,9,4,1,2020-05-11,2020-06-29,CRYPTO:XRPUSD,CRYPTO:OKBUSD,-0.08174471612101109,-0.042035854110859416,1,-1,1,-0.08710989211341988
161,9,5,1,2020-05-01,2020-06-29,CRYPTO:QTUMUSD,CRYPTO:OKBUSD,0.05230734973551088,0.06455789863115047,1,-1,1,0.12355521236491089
162,9,6,1,2020-05-01,2020-06-29,CRYPTO:ONTUSD,CRYPTO:OKBUSD,0.19464170585376728,0.06455789863115047,1,-1,1,0.1511969661916239
163,9,7,1,2020-05-10,2020-06-29,CRYPTO:EOSUSD,CRYPTO:OKBUSD,-0.02525751271806198,-0.04743164871582439,1,-1,1,-0.07996141761123003
164,9,8,1,2020-05-11,2020-06-29,CRYPTO:ATOMUSD,CRYPTO:OKBUSD,0.10122714249569009,-0.042035854110859416,1,-1,1,0.010745247220526182
165,9,9,1,2020-05-20,2020-06-29,CRYPTO:OKBUSD,CRYPTO:THETAUSD,-0.03473945409429269,0.19188714108325444,1,-1,1,-0.04654629392517663
166,9,10,1,2020-05-01,2020-06-29,CRYPTO:DCRUSD,CRYPTO:OKBUSD,-0.004239078784640804,0.06455789863115047,1,-1,1,0.02926873578623147
167,9,11,1,2020-05-01,2020-06-29,CRYPTO:MKRUSD,CRYPTO:OKBUSD,0.2626114273915592,0.06455789863115047,1,-1,1,0.519356933948253
168,9,12,1,2020-05-01,2020-06-29,CRYPTO:MIOTAUSD,CRYPTO:OKBUSD,0.1808097396660453,0.06455789863115047,1,-1,1,0.13667472668501138
169,9,13,1,2020-05-01,2020-06-29,CRYPTO:LTCUSD,CRYPTO:OKBUSD,-0.1104663902401889,0.06455789863115047,1,-1,1,-0.18487743837547005
170,9,14,1,2020-05-01,2020-05-03,CRYPTO:BATUSD,CRYPTO:TUSDUSD,-0.013570239518194915,0.06521410797525706,1,-1,1,0.10635047727586665
171,9,15,1,2020-05-01,2020-06-29,CRYPTO:BATUSD,CRYPTO:XTZUSD,0.3931890351710192,0.13873989683542765,1,-1,1,0.3094595432493255
172,9,16,1,2020-05-11,2020-06-27,CRYPTO:BATUSD,CRYPTO:SNTUSD,0.4764418442593399,0.3400190083127679,1,-1,1,0.9116056502362321
173,9,17,1,2020-05-27,2020-06-29,CRYPTO:BATUSD,CRYPTO:ENJUSD,0.2582328846645119,0.1979568989452446,1,-1,1,0.45537275013476863
174,9,18,1,2020-05-10,2020-06-29,CRYPTO:BATUSD,CRYPTO:ZRXUSD,0.3357984467348407,0.13073047858942066,1,-1,1,0.3968930725270951
175,9,19,1,2020-05-05,2020-06-29,CRYPTO:BATUSD,CRYPTO:THETAUSD,0.4084518141046236,-0.4511938306522687,1,-1,1,0.033256301437744724
176,9,20,1,2020-05-01,2020-06-29,CRYPTO:BATUSD,CRYPTO:KNCUSD,0.3931890351710192,-0.6856033366891987,1,-1,1,-0.9126386410053057
177,10,1,1,2020-07-08,2020-07-16,CRYPTO:OKBUSD,CRYPTO:DOGEUSD,0.002938295788442735,0.3780991455847398,1,-1,1,0.006568418732784358
178,10,2,1,2020-07-01,2020-08-17,CRYPTO:XRPUSD,CRYPTO:OKBUSD,0.7880074740954648,-0.1617559818073957,1,-1,1,-0.2594117635819251
179,10,3,1,2020-08-13,2020-08-29,CRYPTO:OKBUSD,CRYPTO:WAVESUSD,-0.045310296191819366,-0.013936473666113613,1,-1,1,-0.06742468150743904
180,10,4,1,2020-08-20,2020-08-29,CRYPTO:OKBUSD,CRYPTO:OMGUSD,-0.022915914832190465,0.10287719298245623,1,-1,1,0.08172922967443523
181,10,5,1,2020-08-12,2020-08-29,CRYPTO:OKBUSD,CRYPTO:LINKUSD,-0.018666183399782432,0.005599657257617796,1,-1,1,-0.000975186378330018
182,10,6,1,2020-07-08,2020-07-16,CRYPTO:BATUSD,CRYPTO:DOGEUSD,-0.01460804655077641,0.3780991455847398,1,-1,1,-0.015465438228695111
183,10,7,1,2020-08-18,2020-08-29,CRYPTO:TUSDUSD,CRYPTO:BATUSD,-0.0018926837988073597,-0.005757861323335778,1,-1,1,-0.005809440603287079
184,10,8,1,2020-08-22,2020-08-29,CRYPTO:DASHUSD,CRYPTO:BATUSD,-0.061001616929836744,0.11527492014960417,1,-1,1,-0.12045244248876884
185,10,9,1,2020-07-01,2020-08-02,CRYPTO:XRPUSD,CRYPTO:BATUSD,0.631051469339222,0.05419735714648932,1,-1,1,0.5787500380776731
186,10,10,1,2020-08-13,2020-08-29,CRYPTO:BATUSD,CRYPTO:WAVESUSD,0.3058336019187815,-0.013936473666113613,1,-1,1,0.020063718090864942
187,10,11,1,2020-08-21,2020-08-29,CRYPTO:USDTUSD,CRYPTO:BATUSD,0.00029999999999996696,0.06472672392957723,1,-1,1,0.03583238842943345
188,10,12,1,2020-08-21,2020-08-29,CRYPTO:EOSUSD,CRYPTO:BATUSD,-0.039810752671265326,0.06472672392957723,1,-1,1,-0.05796214300098523
189,10,13,1,2020-08-22,2020-08-29,CRYPTO:ETCUSD,CRYPTO:BATUSD,0.011927551170666906,0.11527492014960417,1,-1,1,0.03529362301677949
190,10,14,1,2020-08-22,2020-08-29,CRYPTO:BTGUSD,CRYPTO:BATUSD,-0.0634920634920636,0.11527492014960417,1,-1,1,-0.114178915324023
191,10,15,1,2020-08-21,2020-08-29,CRYPTO:BCHUSD,CRYPTO:BATUSD,-0.05144282209708295,0.06472672392957723,1,-1,1,-0.10257689011122825
192,10,16,1,2020-08-12,2020-08-29,CRYPTO:BATUSD,CRYPTO:LINKUSD,0.2955184705291063,0.005599657257617796,1,-1,1,0.020604064872196723
193,10,17,1,2020-08-18,2020-08-29,CRYPTO:DCRUSD,CRYPTO:BATUSD,0.008584799528459586,-0.005757861323335778,1,-1,1,0.016589458955175378
194,10,18,1,2020-08-21,2020-08-29,CRYPTO:LTCUSD,CRYPTO:BATUSD,-0.03603751418929968,0.06472672392957723,1,-1,1,-0.07080016285812875
195,11,1,1,2020-10-11,2020-10-30,CRYPTO:BATUSD,CRYPTO:XMRUSD,-0.15573708065184644,0.02437281676722769,1,-1,1,0.04811239517456406
196,11,2,1,2020-09-18,2020-10-30,CRYPTO:BATUSD,CRYPTO:NEOUSD,-0.23100324461541877,0.4141146433558168,1,-1,1,0.8159251202865838
197,11,3,1,2020-10-28,2020-10-30,CRYPTO:BATUSD,CRYPTO:BNBUSD,-0.040481862235595356,0.061148106241966205,1,-1,1,0.12099872782364587
198,11,4,1,2020-10-28,2020-10-30,CRYPTO:BATUSD,CRYPTO:BTCUSD,-0.040481862235595356,-0.02140010462022479,1,-1,1,-0.04280076985425308
199,11,5,1,2020-10-29,2020-10-30,CRYPTO:BATUSD,CRYPTO:WAVESUSD,-0.01231321091909754,-0.06026871680364221,1,-1,1,-0.11487479084600985
200,11,6,1,2020-09-03,2020-10-30,CRYPTO:BATUSD,CRYPTO:TRXUSD,-0.25671341576100115,0.36115054165110205,1,-1,1,-0.3435553415265386
201,11,7,1,2020-10-15,2020-10-30,CRYPTO:DOGEUSD,CRYPTO:XMRUSD,-0.030188679245283123,0.057158201626515304,1,-1,1,0.11431285154935861
202,11,8,1,2020-09-30,2020-10-30,CRYPTO:DASHUSD,CRYPTO:XMRUSD,0.012333292645426486,-0.1327311272928382,1,-1,1,-0.15290616815114305
203,11,9,1,2020-09-14,2020-10-30,CRYPTO:DCRUSD,CRYPTO:XMRUSD,-0.1508564945372467,-0.3391086411681379,1,-1,1,-0.6281858453955703
204,11,10,1,2020-09-06,2020-09-23,CRYPTO:TUSDUSD,CRYPTO:XMRUSD,0.05774770107926375,-0.08617034542960456,1,-1,1,-0.16892234051251115
205,11,10,2,2020-09-30,2020-10-30,CRYPTO:TUSDUSD,CRYPTO:XMRUSD,0.0243581810144069,-0.1327311272928382,1,-1,1,-0.2626489795538513
206,11,11,1,2020-09-30,2020-10-30,CRYPTO:USDTUSD,CRYPTO:XMRUSD,0.0006999999999999229,-0.1327311272928382,1,-1,1,-0.26302493378390734
207,11,12,1,2020-10-15,2020-10-30,CRYPTO:SXPUSD,CRYPTO:XMRUSD,-0.3036100226534899,0.057158201626515304,1,-1,1,0.10767683757676677
208,11,13,1,2020-10-05,2020-10-30,CRYPTO:ONTUSD,CRYPTO:XMRUSD,-0.25126089556706044,-0.09128851789361514,1,-1,1,-0.18426738308131596
209,11,14,1,2020-09-25,2020-10-30,CRYPTO:BCHUSD,CRYPTO:XMRUSD,0.21168098624481657,-0.32324755033918384,1,-1,1,0.10219197296314968
210,11,15,1,2020-10-14,2020-10-30,CRYPTO:LSKUSD,CRYPTO:XMRUSD,-0.06978378021669884,0.04395518904621121,1,-1,1,0.0859472740199782
211,11,16,1,2020-09-30,2020-10-30,CRYPTO:BCDUSD,CRYPTO:XMRUSD,-0.1312384473197783,-0.1327311272928382,1,-1,1,-0.26544744155331984
212,11,17,1,2020-10-11,2020-10-30,CRYPTO:BSVUSD,CRYPTO:XMRUSD,-0.04606413994169101,0.02437281676722769,1,-1,1,-0.03247495461574674
213,11,18,1,2020-10-15,2020-10-30,CRYPTO:REPUSD,CRYPTO:XMRUSD,-0.027146001467351466,0.057158201626515304,1,-1,1,0.09835382371327363
214,11,19,1,2020-09-27,2020-10-30,CRYPTO:EOSUSD,CRYPTO:XMRUSD,-0.02892420585920885,-0.2645606091788433,1,-1,1,-0.5169039433483329
215,11,20,1,2020-09-30,2020-10-30,CRYPTO:ETCUSD,CRYPTO:XMRUSD,-0.0794678802730614,-0.1327311272928382,1,-1,1,-0.26013327145521586
216,11,21,1,2020-09-03,2020-09-22,CRYPTO:XMRUSD,CRYPTO:TRXUSD,0.19063545150501682,0.3794297098742374,1,-1,1,0.3814658379119972
217,11,22,1,2020-09-29,2020-10-30,CRYPTO:LTCUSD,CRYPTO:XMRUSD,0.18337657020577725,-0.2231511894097742,1,-1,1,-0.19212222860628134
218,12,1,1,2020-11-06,2020-11-07,CRYPTO:MANAUSD,CRYPTO:TUSDUSD,-0.09922878843412408,0.12230024669654316,1,-1,1,0.21420952194524873
219,12,1,2,2020-11-09,2020-12-25,CRYPTO:TUSDUSD,CRYPTO:MANAUSD,0.04894482164568448,0.1726834359626952,1,-1,1,0.12030925764707713
220,12,2,1,2020-12-28,2020-12-30,CRYPTO:USDTUSD,CRYPTO:MANAUSD,0.0023041474654377225,0.04654026101945341,1,-1,1,0.011265309147505094
221,12,3,1,2020-11-05,2020-12-30,CRYPTO:ONTUSD,CRYPTO:MANAUSD,0.0251872144317975,-0.05267164365759891,1,-1,1,0.027803534030514384
222,12,4,1,2020-11-09,2020-12-30,CRYPTO:BCDUSD,CRYPTO:MANAUSD,0.0128824833702883,0.1981552600869978,1,-1,1,0.09111882468466093
223,12,5,1,2020-11-21,2020-12-23,CRYPTO:MANAUSD,CRYPTO:XRPUSD,-0.14758545662359845,0.44066846361185985,1,-1,1,0.6952351891219075
224,12,6,1,2020-11-27,2020-12-30,CRYPTO:MANAUSD,CRYPTO:XLMUSD,-0.03999194703988651,0.3636966681407767,1,-1,1,0.5009882989671206
225,12,7,1,2020-11-04,2020-12-30,CRYPTO:BTMUSD,CRYPTO:MANAUSD,0.03446969696969693,-0.2222517368238215,1,-1,1,-0.21111727797378863
226,12,8,1,2020-11-09,2020-12-30,CRYPTO:EOSUSD,CRYPTO:MANAUSD,0.0444481662917835,0.1981552600869978,1,-1,1,0.10033315568368767
227,12,9,1,2020-11-01,2020-12-30,CRYPTO:BATUSD,CRYPTO:XMRUSD,0.05442645512977773,-0.2660629921259843,1,-1,1,-0.5311636169503948
228,12,10,1,2020-12-20,2020-12-30,CRYPTO:BATUSD,CRYPTO:DOGEUSD,-0.1328506772438215,-0.03282275711159732,1,-1,1,-0.2618401087418106
229,12,11,1,2020-12-03,2020-12-30,CRYPTO:BATUSD,CRYPTO:DCRUSD,-0.17310858132029816,-0.25822946028856575,1,-1,1,-0.5151444583426611
230,12,12,1,2020-11-06,2020-11-09,CRYPTO:BATUSD,CRYPTO:TUSDUSD,-0.04999515563539947,0.14115892787718776,1,-1,1,0.22367203297895397
231,12,13,1,2020-11-02,2020-12-30,CRYPTO:BATUSD,CRYPTO:FILUSD,0.09671888111390015,0.2724176161601056,1,-1,1,0.5426732809576172
232,12,14,1,2020-12-29,2020-12-30,CRYPTO:BATUSD,CRYPTO:BNBUSD,-0.024296666063239325,0.022541340491702533,1,-1,1,0.04458983510732283
233,12,15,1,2020-11-01,2020-12-30,CRYPTO:BATUSD,CRYPTO:BTCUSD,0.05442645512977773,-1.0982632614992855,1,-1,1,-2.196494547829327
234,12,16,1,2020-11-20,2020-12-29,CRYPTO:BATUSD,CRYPTO:XRPUSD,0.017167111350827602,0.3310436650830635,1,-1,1,0.4232905774596894
235,12,17,1,2020-11-02,2020-12-30,CRYPTO:BATUSD,CRYPTO:WAVESUSD,0.09671888111390015,-1.1298525229844407,1,-1,1,-2.123133337970276
236,12,18,1,2020-11-24,2020-12-30,CRYPTO:BATUSD,CRYPTO:XLMUSD,-0.23104806507754205,0.32781926469172784,1,-1,1,0.016306675632690608
237,12,19,1,2020-12-29,2020-12-30,CRYPTO:BATUSD,CRYPTO:ETHUSD,-0.024296666063239325,-0.028560299850689752,1,-1,1,-0.05711819529572293
238,13,1,1,2021-01-02,2021-03-01,CRYPTO:MANAUSD,CRYPTO:DOGEUSD,2.2558256076171386,-3.783018867924529,1,-1,1,3.095775270957753
239,13,2,1,2021-01-02,2021-01-23,CRYPTO:MANAUSD,CRYPTO:DCRUSD,1.4337258832372837,-0.10967842395050376,1,-1,1,-0.2139740071970288
240,13,3,1,2021-01-07,2021-03-01,CRYPTO:DAIUSD,CRYPTO:MANAUSD,0.0009941420554060443,-1.013481056790889,1,-1,1,-0.22977468575570437
241,13,4,1,2021-01-30,2021-01-31,CRYPTO:MANAUSD,CRYPTO:TUSDUSD,-0.016282915659585284,0.07951611512888412,1,-1,1,0.13491171157724624
242,13,4,2,2021-02-05,2021-03-01,CRYPTO:TUSDUSD,CRYPTO:MANAUSD,0.011419558765082494,-0.20320385203018665,1,-1,1,-0.05386273530924845
243,13,5,1,2021-01-14,2021-03-01,CRYPTO:USDTUSD,CRYPTO:MANAUSD,0.0018019821803982872,-1.3640498499044846,1,-1,1,-0.2672185997853595
244,13,6,1,2021-01-23,2021-02-21,CRYPTO:ONTUSD,CRYPTO:MANAUSD,1.3427074643572317,-0.6211263255430866,1,-1,1,1.7292467827808433
245,13,7,1,2021-02-21,2021-03-01,CRYPTO:MANAUSD,CRYPTO:OKBUSD,-0.17477454591642316,0.18922626669105536,1,-1,1,0.36811745252653827
246,13,8,1,2021-02-19,2021-03-01,CRYPTO:MANAUSD,CRYPTO:BNBUSD,-0.20630363741868496,0.23529447345878018,1,-1,1,0.46972294440166446
247,13,9,1,2021-01-07,2021-01-09,CRYPTO:BSVUSD,CRYPTO:MANAUSD,0.6994011976047905,0.10304485937863173,1,-1,1,1.3978812901908686
248,13,9,2,2021-01-22,2021-03-01,CRYPTO:BSVUSD,CRYPTO:MANAUSD,0.07634032634032639,-0.6214125280758671,1,-1,1,0.1513784211343856
249,13,10,1,2021-01-06,2021-01-23,CRYPTO:MANAUSD,CRYPTO:XLMUSD,1.0969343696027631,0.21531994570383217,1,-1,1,0.8048861241843769
250,13,11,1,2021-01-22,2021-02-13,CRYPTO:EOSUSD,CRYPTO:MANAUSD,1.1187830311521139,-1.159158971799351,1,-1,1,1.9756649253147311
251,13,12,1,2021-01-09,2021-03-01,CRYPTO:MANAUSD,CRYPTO:MKRUSD,1.2447957156430856,-0.3582530554480119,1,-1,1,-0.716274287012947
252,13,13,1,2021-01-03,2021-01-23,CRYPTO:MANAUSD,CRYPTO:LTCUSD,1.3469856228101968,0.14616997383027175,1,-1,1,0.29357138065861105
253,13,14,1,2021-01-01,2021-02-18,CRYPTO:BATUSD,CRYPTO:DOGEUSD,2.1108570022885433,-9.477797513321493,1,-1,1,3.601174928628112
254,13,15,1,2021-01-01,2021-02-11,CRYPTO:BATUSD,CRYPTO:DCRUSD,1.8982037185572072,-1.5990215233393656,1,-1,1,-3.1632944634793314
255,13,16,1,2021-01-22,2021-03-01,CRYPTO:DAIUSD,CRYPTO:BATUSD,0.00012378535619239628,-0.860446387605726,1,-1,1,-0.4113356118924703
256,13,17,1,2021-02-11,2021-02-22,CRYPTO:LEOUSD,CRYPTO:BATUSD,0.29109589041095885,0.08599821360252047,1,-1,1,0.4636911239862026
257,13,18,1,2021-01-26,2021-01-31,CRYPTO:BATUSD,CRYPTO:TUSDUSD,0.010387343121916803,0.061984196970263694,1,-1,1,0.10142412611485759
258,13,18,2,2021-02-07,2021-03-01,CRYPTO:TUSDUSD,CRYPTO:BATUSD,0.012145128463827648,-0.43794703265487245,1,-1,1,-0.2377413148217337
259,13,19,1,2021-01-07,2021-02-07,CRYPTO:BATUSD,CRYPTO:XVGUSD,0.5840463338629478,0.06196869320513565,1,-1,1,1.1031419277189398
260,13,20,1,2021-02-10,2021-03-01,CRYPTO:USDTUSD,CRYPTO:BATUSD,-9.992006394887731e-05,-0.31914733170596565,1,-1,1,-0.19630037924748445
261,13,21,1,2021-01-09,2021-01-27,CRYPTO:BATUSD,CRYPTO:BCHUSD,0.10020814638861686,0.344944548665876,1,-1,1,0.6896556248279291
262,13,22,1,2021-02-11,2021-03-01,CRYPTO:FILUSD,CRYPTO:BATUSD,-0.04318109968674999,0.01245327166343091,1,-1,1,-0.08474934770486763
263,13,23,1,2021-01-01,2021-01-16,CRYPTO:BATUSD,CRYPTO:OKBUSD,0.30208463218402404,0.33949342319817377,1,-1,1,0.6773585881498829
264,13,24,1,2021-01-01,2021-02-07,CRYPTO:BATUSD,CRYPTO:BTCUSD,0.9904151789442133,-0.3218787829629506,1,-1,1,-0.6437392989210895
265,13,25,1,2021-02-11,2021-03-01,CRYPTO:ANTUSD,CRYPTO:BATUSD,-0.3027052187962015,0.01245327166343091,1,-1,1,-0.5507233823898049
266,13,26,1,2021-02-07,2021-03-01,CRYPTO:BSVUSD,CRYPTO:BATUSD,0.01150054764512598,-0.43794703265487245,1,-1,1,0.02100031051931347
267,13,27,1,2021-01-06,2021-02-09,CRYPTO:BATUSD,CRYPTO:XLMUSD,0.7324036365242095,-0.1652107580077642,1,-1,1,0.42665854768906647
268,13,28,1,2021-01-01,2021-01-23,CRYPTO:BATUSD,CRYPTO:TFUELUSD,0.6114661547721478,0.12824084294433868,1,-1,1,1.0869133325329854
269,13,29,1,2021-01-02,2021-02-07,CRYPTO:BATUSD,CRYPTO:ETHUSD,0.9970110152232325,-1.0838004140840165,1,-1,1,-2.1665060874253066
270,14,1,1,2021-03-01,2021-04-29,CRYPTO:DAIUSD,CRYPTO:MANAUSD,-0.0005489799951687857,-4.611818031399107,1,-1,1,-1.9006628475959348
271,14,2,1,2021-03-03,2021-04-29,CRYPTO:USDTUSD,CRYPTO:MANAUSD,9.996001599366089e-05,-3.181430328573886,1,-1,1,-1.6447312738107591
272,14,3,1,2021-03-04,2021-04-10,CRYPTO:BSVUSD,CRYPTO:MANAUSD,0.5498591549295775,-1.4125429061784898,1,-1,1,1.090463935604143
273,14,3,2,2021-04-16,2021-04-22,CRYPTO:MANAUSD,CRYPTO:BSVUSD,-0.048707772361202495,0.39482719157701995,1,-1,1,0.7870050888989572
274,14,4,1,2021-03-03,2021-04-29,CRYPTO:USDCUSD,CRYPTO:MANAUSD,0.00010001000100001711,-3.181430328573886,1,-1,1,-1.6453410297476052
275,14,5,1,2021-03-14,2021-04-29,CRYPTO:OMGUSD,CRYPTO:MANAUSD,0.4333384977242638,-0.43551712699568856,1,-1,1,0.576472550008069
276,14,6,1,2021-03-01,2021-04-29,CRYPTO:DAIUSD,CRYPTO:BATUSD,-0.0005489799951687857,-1.0310933436216803,1,-1,1,-0.7615287128917051
277,14,7,1,2021-03-01,2021-04-29,CRYPTO:USDTUSD,CRYPTO:BATUSD,-0.00019986009793138138,-1.0310933436216803,1,-1,1,-0.7616433409782786
278,14,8,1,2021-03-17,2021-04-29,CRYPTO:AAVEUSD,CRYPTO:BATUSD,0.1472077046763891,0.037537171301218364,1,-1,1,0.2937097216217281
279,14,9,1,2021-03-01,2021-04-13,CRYPTO:BSVUSD,CRYPTO:BATUSD,0.6307525717379534,-1.5621087764369506,1,-1,1,1.247640716862717
280,14,10,1,2021-03-17,2021-04-06,CRYPTO:XRPUSD,CRYPTO:BATUSD,1.3328305253988821,-0.07353154589799127,1,-1,1,0.6286222973352168
281,14,11,1,2021-03-17,2021-04-29,CRYPTO:WAVESUSD,CRYPTO:BATUSD,1.2747791693201225,0.037537171301218364,1,-1,1,2.280123658149933
282,14,12,1,2021-03-01,2021-04-29,CRYPTO:USDCUSD,CRYPTO:BATUSD,0.0,-1.0310933436216803,1,-1,1,-0.7617273084521271
283,14,13,1,2021-03-17,2021-04-29,CRYPTO:LINKUSD,CRYPTO:BATUSD,0.17496158895768277,0.037537171301218364,1,-1,1,0.3393967196644267
284,14,14,1,2021-03-17,2021-04-29,CRYPTO:LRCUSD,CRYPTO:BATUSD,-0.16021519108280258,0.037537171301218364,1,-1,1,-0.05816896308830035
285,14,15,1,2021-03-03,2021-04-29,CRYPTO:OMGUSD,CRYPTO:BATUSD,0.4956181147274308,-0.5596288255310804,1,-1,1,0.7047376817051878
286,15,1,1,2021-05-01,2021-06-29,CRYPTO:DAIUSD,CRYPTO:MANAUSD,-0.0008338509533863947,0.622936774505882,1,-1,1,0.738902412719033
287,15,2,1,2021-05-12,2021-05-19,CRYPTO:USDTUSD,CRYPTO:MANAUSD,0.0033157992202239583,0.36717152842106493,1,-1,1,0.4070338236830383
288,15,3,1,2021-05-23,2021-06-29,CRYPTO:BSVUSD,CRYPTO:MANAUSD,0.022926500337154154,0.11373723762832677,1,-1,1,0.04661199756231853
289,15,4,1,2021-05-02,2021-06-29,CRYPTO:USDCUSD,CRYPTO:MANAUSD,-0.007600760076007629,0.6085735652792004,1,-1,1,0.7056402413206685
290,15,5,1,2021-05-05,2021-06-29,CRYPTO:MANAUSD,CRYPTO:ETCUSD,-0.6119144856666959,0.4425353937989671,1,-1,1,0.8560487794529383
291,15,6,1,2021-05-01,2021-06-29,CRYPTO:DAIUSD,CRYPTO:BATUSD,-0.0008338509533863947,0.5398269107444711,1,-1,1,0.6035465278503671
292,15,7,1,2021-05-12,2021-05-19,CRYPTO:USDTUSD,CRYPTO:BATUSD,0.0033157992202239583,0.3597787328264743,1,-1,1,0.3906898697741745
293,15,8,1,2021-06-21,2021-06-29,CRYPTO:BSVUSD,CRYPTO:BATUSD,0.23133116883116878,-0.14691696839965918,1,-1,1,0.4595392008851227
294,15,9,1,2021-05-02,2021-06-29,CRYPTO:USDCUSD,CRYPTO:BATUSD,-0.007600760076007629,0.5334518123933458,1,-1,1,0.5871738207174944
295,16,1,1,2021-07-07,2021-08-29,CRYPTO:BSVUSD,CRYPTO:MANAUSD,0.21547360809833682,-0.41629101441039706,1,-1,1,0.42438204819700387
296,16,2,1,2021-07-01,2021-08-29,CRYPTO:USDCUSD,CRYPTO:MANAUSD,0.007315377406970747,-0.8527906266225806,1,-1,1,-0.6003163929827441
297,16,3,1,2021-07-01,2021-08-29,CRYPTO:USDCUSD,CRYPTO:BATUSD,0.007315377406970747,-0.40620194595072023,1,-1,1,-0.2903214890404384
298,18,1,1,2021-12-04,2021-12-30,CRYPTO:COMPUSD,CRYPTO:MANAUSD,-0.09801150137471049,0.20304557602470952,1,-1,1,-0.18499861885964863
299,18,2,1,2021-11-07,2021-12-30,CRYPTO:DAIUSD,CRYPTO:MANAUSD,7.59905771683389e-05,-0.16345301382029032,1,-1,1,-0.241446522105387
300,18,3,1,2021-11-18,2021-12-30,CRYPTO:BSVUSD,CRYPTO:MANAUSD,-0.18298446995273465,0.1239448034635443,1,-1,1,-0.3507898958125865
301,18,4,1,2021-11-26,2021-12-30,CRYPTO:YFIUSD,CRYPTO:MANAUSD,0.04876938057024205,0.29512152346825926,1,-1,1,0.09761864466350077
302,18,5,1,2021-12-04,2021-12-30,CRYPTO:EOSUSD,CRYPTO:MANAUSD,-0.023911996815828673,0.20304557602470952,1,-1,1,0.20955710276567074
303,19,1,1,2022-01-22,2022-03-01,CRYPTO:XMRUSD,CRYPTO:MANAUSD,0.1677270970286615,-0.3929771298726874,1,-1,1,0.3206259965093631
304,19,2,1,2022-02-21,2022-03-01,CRYPTO:KSMUSD,CRYPTO:MANAUSD,0.1001906880661052,-0.14326461590004969,1,-1,1,0.19095892564392045
305,19,3,1,2022-01-05,2022-03-01,CRYPTO:DASHUSD,CRYPTO:MANAUSD,-0.17101508204102267,0.025952099624588443,1,-1,1,-0.3327296725903905
306,19,4,1,2022-01-01,2022-03-01,CRYPTO:NEOUSD,CRYPTO:MANAUSD,-0.07976560229133933,0.15215544548407,1,-1,1,-0.1071518193665432
307,19,5,1,2022-01-22,2022-03-01,CRYPTO:UNIUSD,CRYPTO:MANAUSD,-0.07075272243187836,-0.3929771298726874,1,-1,1,-0.24117299690126057
308,19,6,1,2022-01-01,2022-03-01,CRYPTO:DCRUSD,CRYPTO:MANAUSD,-0.16862131951043124,0.15215544548407,1,-1,1,-0.30980587913581353
309,19,7,1,2022-01-01,2022-03-01,CRYPTO:COMPUSD,CRYPTO:MANAUSD,-0.4038040082937189,0.15215544548407,1,-1,1,-0.7901888512796975
310,19,8,1,2022-01-02,2022-03-01,CRYPTO:DAIUSD,CRYPTO:MANAUSD,-0.00037599924800157947,0.14966675405901797,1,-1,1,0.23017703744608173
311,19,9,1,2022-01-21,2022-01-27,CRYPTO:MANAUSD,CRYPTO:TUSDUSD,0.01525133066588813,0.04518355193279655,1,-1,1,0.049661519906249604
312,19,10,1,2022-01-04,2022-03-01,CRYPTO:USDTUSD,CRYPTO:MANAUSD,0.0005575710903138464,0.1053617317547475,1,-1,1,0.16050907903082998
313,19,11,1,2022-02-23,2022-03-01,CRYPTO:CELOUSD,CRYPTO:MANAUSD,0.12562158093959153,-0.11182096891886606,1,-1,1,0.005446457128349312
314,19,12,1,2022-01-01,2022-03-01,CRYPTO:BCHUSD,CRYPTO:MANAUSD,-0.26130587175448916,0.15215544548407,1,-1,1,-0.5164341674395054
315,19,13,1,2022-01-06,2022-03-01,CRYPTO:FILUSD,CRYPTO:MANAUSD,-0.364633464922542,0.16290136434850855,1,-1,1,-0.6309599264258109
316,19,14,1,2022-01-06,2022-03-01,CRYPTO:AAVEUSD,CRYPTO:MANAUSD,-0.3520210979779861,0.16290136434850855,1,-1,1,-0.6884798769386985
317,19,15,1,2022-01-22,2022-03-01,CRYPTO:1INCHUSD,CRYPTO:MANAUSD,-0.05701748902299886,-0.3929771298726874,1,-1,1,-0.48927519508216155
318,19,16,1,2022-01-01,2022-03-01,CRYPTO:BSVUSD,CRYPTO:MANAUSD,-0.2823045267489712,0.15215544548407,1,-1,1,-0.5413005659189096
319,19,17,1,2022-01-08,2022-03-01,CRYPTO:SUSHIUSD,CRYPTO:MANAUSD,-0.47101914753441565,0.0317472639969939,1,-1,1,-0.6313771450864921
320,19,18,1,2022-01-07,2022-03-01,CRYPTO:XLMUSD,CRYPTO:MANAUSD,-0.2272296982732973,0.07050757882701164,1,-1,1,0.094812554353741
321,19,19,1,2022-01-22,2022-03-01,CRYPTO:LINKUSD,CRYPTO:MANAUSD,-0.03173945357729424,-0.3929771298726874,1,-1,1,-0.1457630977059543
322,19,20,1,2022-01-22,2022-03-01,CRYPTO:YFIUSD,CRYPTO:MANAUSD,-0.048516785738795476,-0.3929771298726874,1,-1,1,-0.09709500613870183
323,19,21,1,2022-01-01,2022-03-01,CRYPTO:EOSUSD,CRYPTO:MANAUSD,-0.282364561934478,0.15215544548407,1,-1,1,-0.11725334857085316
324,19,22,1,2022-01-24,2022-03-01,CRYPTO:THETAUSD,CRYPTO:MANAUSD,0.2648139145871633,-0.3636000366916594,1,-1,1,-0.030199469004148192
325,19,23,1,2022-01-05,2022-03-01,CRYPTO:LTCUSD,CRYPTO:MANAUSD,-0.16763988469214275,0.025952099624588443,1,-1,1,-0.32711303012124787
326,19,24,1,2022-01-04,2022-03-01,CRYPTO:ZILUSD,CRYPTO:MANAUSD,-0.3799345727819673,0.1053617317547475,1,-1,1,0.18949661521205566
327,19,25,1,2022-01-02,2022-03-01,CRYPTO:DCRUSD,CRYPTO:BATUSD,-0.15419555555893338,0.4191687118298779,1,-1,1,-0.2885211781036709
328,19,26,1,2022-01-01,2022-03-01,CRYPTO:COMPUSD,CRYPTO:BATUSD,-0.4038040082937189,0.39948417546882886,1,-1,1,-0.7980706870288995
329,19,27,1,2022-01-03,2022-03-01,CRYPTO:DAIUSD,CRYPTO:BATUSD,-0.000173034779990755,0.42012232928645243,1,-1,1,0.4750325451448319
330,19,28,1,2022-02-08,2022-03-01,CRYPTO:BATUSD,CRYPTO:LEOUSD,-0.18318152911598817,0.2220763879774249,1,-1,1,0.3564981309979401
331,19,29,1,2022-01-21,2022-01-27,CRYPTO:BATUSD,CRYPTO:TUSDUSD,0.03100686281738252,0.04518355193279655,1,-1,1,0.07799129382275131
332,19,30,1,2022-01-25,2022-03-01,CRYPTO:BCHUSD,CRYPTO:BATUSD,0.12532555289768732,0.04983955666879514,1,-1,1,0.2502416872788306
333,19,31,1,2022-01-03,2022-03-01,CRYPTO:BSVUSD,CRYPTO:BATUSD,-0.2781456953642384,0.42012232928645243,1,-1,1,-0.5414067378534024
334,20,1,1,2022-03-04,2022-04-21,CRYPTO:XMRUSD,CRYPTO:MANAUSD,0.7452149505640502,0.1826011917127215,1,-1,1,1.4732202224654354
335,20,2,1,2022-03-01,2022-04-29,CRYPTO:KSMUSD,CRYPTO:MANAUSD,0.04759153607279565,0.4121018174174219,1,-1,1,0.10983194772942508
336,20,3,1,2022-03-03,2022-04-29,CRYPTO:ALGOUSD,CRYPTO:MANAUSD,-0.20398482490272374,0.3671372968333336,1,-1,1,0.4693021919017948
337,20,4,1,2022-03-01,2022-04-29,CRYPTO:DASHUSD,CRYPTO:MANAUSD,-0.07949690317287206,0.4121018174174219,1,-1,1,-0.1318315444907843
338,20,5,1,2022-03-06,2022-04-29,CRYPTO:NEOUSD,CRYPTO:MANAUSD,-0.11409860862406207,0.3093995076301539,1,-1,1,-0.13891066039580974
339,20,6,1,2022-03-01,2022-04-29,CRYPTO:UNIUSD,CRYPTO:MANAUSD,-0.2651209912601279,0.4121018174174219,1,-1,1,-0.2387331305251567
340,20,7,1,2022-03-01,2022-04-29,CRYPTO:DCRUSD,CRYPTO:MANAUSD,-0.08398969716679872,0.4121018174174219,1,-1,1,-0.12474380572010721
341,20,8,1,2022-03-01,2022-04-29,CRYPTO:COMPUSD,CRYPTO:MANAUSD,-0.09326226415583116,0.4121018174174219,1,-1,1,-0.16415517152493977
342,20,9,1,2022-03-01,2022-04-29,CRYPTO:DAIUSD,CRYPTO:MANAUSD,0.0003161182282174213,0.4121018174174219,1,-1,1,0.6097610849015739
343,20,10,1,2022-04-05,2022-04-29,CRYPTO:TUSDUSD,CRYPTO:MANAUSD,0.011962136176729476,0.3482141125560215,1,-1,1,0.5093106503800617
344,20,11,1,2022-03-02,2022-04-29,CRYPTO:MANAUSD,CRYPTO:USDTUSD,-0.3936186496114834,-0.007712605108888049,1,-1,1,-0.5793840062323343
345,20,12,1,2022-03-02,2022-04-29,CRYPTO:CELOUSD,CRYPTO:MANAUSD,0.004294117845140999,0.3936186496114834,1,-1,1,0.4098185133183961
346,20,13,1,2022-03-01,2022-04-29,CRYPTO:BCHUSD,CRYPTO:MANAUSD,-0.10451392353919065,0.4121018174174219,1,-1,1,-0.20017825392634264
347,20,14,1,2022-03-01,2022-04-29,CRYPTO:ADAUSD,CRYPTO:MANAUSD,-0.16507574185515672,0.4121018174174219,1,-1,1,0.5316736802813764
348,20,15,1,2022-03-01,2022-04-29,CRYPTO:FILUSD,CRYPTO:MANAUSD,-0.17459830275526012,0.4121018174174219,1,-1,1,-0.20928939654315876
349,20,16,1,2022-03-01,2022-04-29,CRYPTO:MIOTAUSD,CRYPTO:MANAUSD,-0.2845948873447244,0.4121018174174219,1,-1,1,0.5179510822488294
350,20,17,1,2022-03-01,2022-04-29,CRYPTO:FLOWUSD,CRYPTO:MANAUSD,-0.2620224719101123,0.4121018174174219,1,-1,1,-0.12167866435584841
351,20,18,1,2022-03-01,2022-04-29,CRYPTO:AAVEUSD,CRYPTO:MANAUSD,0.09574739438992208,0.4121018174174219,1,-1,1,0.20379212232540037
352,20,19,1,2022-03-01,2022-04-29,CRYPTO:BSVUSD,CRYPTO:MANAUSD,-0.1353211009174311,0.4121018174174219,1,-1,1,-0.23611544082388558
353,20,20,1,2022-03-01,2022-04-29,CRYPTO:XLMUSD,CRYPTO:MANAUSD,-0.1049907638319304,0.4121018174174219,1,-1,1,0.756606977389976
354,20,21,1,2022-03-01,2022-04-29,CRYPTO:CAKEUSD,CRYPTO:MANAUSD,0.1385672211292983,0.4121018174174219,1,-1,1,0.43919778456564906
355,20,22,1,2022-03-01,2022-04-29,CRYPTO:LINKUSD,CRYPTO:MANAUSD,-0.22048983995840676,0.4121018174174219,1,-1,1,-0.24354344160130706
356,20,23,1,2022-03-02,2022-04-29,CRYPTO:TFUELUSD,CRYPTO:MANAUSD,-0.16940995058783448,0.3936186496114834,1,-1,1,0.7195465386755392
357,20,24,1,2022-03-01,2022-04-29,CRYPTO:YFIUSD,CRYPTO:MANAUSD,-0.22010506434886157,0.4121018174174219,1,-1,1,-0.4400450624267877
358,20,25,1,2022-03-01,2022-04-29,CRYPTO:EOSUSD,CRYPTO:MANAUSD,0.0043739666395608,0.4121018174174219,1,-1,1,0.46243158723539035
359,20,26,1,2022-03-01,2022-04-29,CRYPTO:THETAUSD,CRYPTO:MANAUSD,-0.2216922425477611,0.4121018174174219,1,-1,1,0.14486938807478533
360,20,27,1,2022-03-04,2022-04-29,CRYPTO:MKRUSD,CRYPTO:MANAUSD,-0.13163297738488544,0.326800590162058,1,-1,1,-0.2620011412830879
361,20,28,1,2022-03-01,2022-04-29,CRYPTO:LTCUSD,CRYPTO:MANAUSD,-0.10984946274753571,0.4121018174174219,1,-1,1,-0.1940243184139707
362,20,29,1,2022-03-21,2022-04-28,CRYPTO:DAIUSD,CRYPTO:BATUSD,0.001343761671551258,0.19400247326348652,1,-1,1,0.17597619870277345
363,20,30,1,2022-03-01,2022-04-29,CRYPTO:BATUSD,CRYPTO:LEOUSD,-0.16619807197669567,0.0408300995444576,1,-1,1,0.03489535411637042
364,20,31,1,2022-03-02,2022-04-29,CRYPTO:BATUSD,CRYPTO:USDTUSD,-0.1392125415935095,-0.007712605108888049,1,-1,1,-0.1255589268430462
365,21,1,1,2022-05-14,2022-06-29,CRYPTO:KSMUSD,CRYPTO:MANAUSD,-0.35172972982077877,0.3410159198129964,1,-1,1,-0.6790010030774062
366,21,2,1,2022-05-02,2022-06-29,CRYPTO:KLAYUSD,CRYPTO:MANAUSD,-0.6685048917844634,0.4167803630452245,1,-1,1,0.14528321937256922
367,21,3,1,2022-05-14,2022-06-29,CRYPTO:CHZUSD,CRYPTO:MANAUSD,-0.14695156716600455,0.3410159198129964,1,-1,1,0.6033679749714687
368,21,4,1,2022-05-05,2022-06-29,CRYPTO:MANAUSD,CRYPTO:USDTUSD,-0.3998695538544742,-0.004109187273120263,1,-1,1,-0.4730237473009727
369,21,5,1,2022-05-18,2022-06-29,CRYPTO:CELOUSD,CRYPTO:MANAUSD,-0.2944844503058345,0.1474189301111466,1,-1,1,-0.19042850740352824
370,21,6,1,2022-05-14,2022-06-29,CRYPTO:ADAUSD,CRYPTO:MANAUSD,-0.13228991988075267,0.3410159198129964,1,-1,1,0.41039159416242277
371,21,7,1,2022-05-09,2022-06-29,CRYPTO:MIOTAUSD,CRYPTO:MANAUSD,-0.30589079956229537,0.17181758727626906,1,-1,1,0.08752396594979645
372,21,8,1,2022-06-16,2022-06-29,CRYPTO:BTCUSD,CRYPTO:MANAUSD,-0.012714850257147137,-0.0847435066181812,1,-1,1,-0.02543543533241945
373,21,9,1,2022-05-14,2022-06-29,CRYPTO:XRPUSD,CRYPTO:MANAUSD,-0.22704743922586734,0.3410159198129964,1,-1,1,0.4081007110219784
374,21,10,1,2022-05-13,2022-06-29,CRYPTO:LINKUSD,CRYPTO:MANAUSD,-0.12810385062909546,0.14012829960949236,1,-1,1,-0.1889737169218535
375,21,11,1,2022-05-11,2022-06-29,CRYPTO:TFUELUSD,CRYPTO:MANAUSD,-0.2734190083001744,-0.1432725613977992,1,-1,1,-0.3077770012582292
376,21,12,1,2022-06-13,2022-06-29,CRYPTO:ETHUSD,CRYPTO:MANAUSD,-0.09133537881356635,-0.06332649685156677,1,-1,1,-0.1826324951728368
377,21,13,1,2022-05-13,2022-06-29,CRYPTO:YFIUSD,CRYPTO:MANAUSD,-0.4379829687346034,0.14012829960949236,1,-1,1,-0.8758469371142645
378,21,14,1,2022-06-16,2022-06-29,CRYPTO:MATICUSD,CRYPTO:MANAUSD,0.29775831644990514,-0.0847435066181812,1,-1,1,0.07586951151867113
379,21,15,1,2022-05-09,2022-06-29,CRYPTO:HBARUSD,CRYPTO:MANAUSD,-0.39158783951712783,0.17181758727626906,1,-1,1,0.24145558765458858
380,21,16,1,2022-05-14,2022-06-29,CRYPTO:THETAUSD,CRYPTO:MANAUSD,-0.13696366878960842,0.3410159198129964,1,-1,1,0.188381772294129
381,21,17,1,2022-05-08,2022-06-29,CRYPTO:MKRUSD,CRYPTO:MANAUSD,-0.23607088577046387,0.3397572425058055,1,-1,1,-0.4708558239443525
382,21,18,1,2022-06-18,2022-06-29,CRYPTO:WBTCUSD,CRYPTO:MANAUSD,0.0546573158403445,-0.1320878879745595,1,-1,1,0.10929932740896964
383,21,19,1,2022-05-01,2022-06-29,CRYPTO:BATUSD,CRYPTO:KNCUSD,-0.36260924278258067,0.7132413201029502,1,-1,1,1.1733380913389835
384,21,20,1,2022-05-11,2022-06-04,CRYPTO:BATUSD,CRYPTO:DAIUSD,0.01852061764341628,0.001959216313474621,1,-1,1,0.0129234198106378
385,21,21,1,2022-05-01,2022-06-29,CRYPTO:BATUSD,CRYPTO:LEOUSD,-0.36260924278258067,-0.062172420025302655,1,-1,1,-0.18341417604322874
386,21,22,1,2022-05-11,2022-06-29,CRYPTO:BATUSD,CRYPTO:TUSDUSD,0.029359913597044596,-0.001431705861485666,1,-1,1,0.013890250664364822
387,21,23,1,2022-05-18,2022-06-29,CRYPTO:BATUSD,CRYPTO:KCSUSD,0.034785661347572105,0.3150031563442519,1,-1,1,0.615771257421987
388,21,24,1,2022-05-09,2022-06-29,CRYPTO:BATUSD,CRYPTO:NEARUSD,-0.12633501498319777,0.6362041653820394,1,-1,1,1.2042427563930638
389,21,25,1,2022-05-01,2022-06-29,CRYPTO:BATUSD,CRYPTO:USDTUSD,-0.36260924278258067,-0.014020970136148003,1,-1,1,-0.2872462916229106
390,21,26,1,2022-05-11,2022-06-29,CRYPTO:BATUSD,CRYPTO:PAXGUSD,0.029359913597044596,0.01756595000634653,1,-1,1,0.03513665804948685
391,22,1,1,2022-07-01,2022-08-29,CRYPTO:MANAUSD,CRYPTO:USDTUSD,-0.04617871111573302,0.006014009730527348,1,-1,1,-0.03441251649126001
392,22,2,1,2022-07-01,2022-08-29,CRYPTO:BATUSD,CRYPTO:LEOUSD,-0.1394209016041429,0.0883882149046793,1,-1,1,0.14701096563460458
393,22,3,1,2022-07-01,2022-08-29,CRYPTO:BATUSD,CRYPTO:USDTUSD,-0.1394209016041429,0.006014009730527348,1,-1,1,-0.06920184785400779
394,23,1,1,2022-10-10,2022-10-17,CRYPTO:USDPUSD,CRYPTO:MANAUSD,0.03995233954346089,0.025926511444932854,1,-1,1,0.06845618919454158
395,23,1,2,2022-10-17,2022-10-30,CRYPTO:MANAUSD,CRYPTO:USDPUSD,0.03476566360923328,0.005632958413531952,1,-1,1,0.0341300424491363
396,23,2,1,2022-09-01,2022-10-30,CRYPTO:MANAUSD,CRYPTO:USDTUSD,-0.1390983234639772,0.032918388619543326,1,-1,1,-0.08207636486681248
397,23,3,1,2022-09-16,2022-10-30,CRYPTO:MANAUSD,CRYPTO:FEIUSD,-0.09290266790519974,,1,-1,1,-0.10068548780031834
398,23,4,1,2022-10-17,2022-10-30,CRYPTO:KAVAUSD,CRYPTO:TWTUSD,0.034584405799607865,-0.08199897090436159,1,-1,1,-0.032766229819129175
399,23,5,1,2022-09-30,2022-10-10,CRYPTO:KAVAUSD,CRYPTO:USDPUSD,0.0010307146449954896,0.03603542059050324,1,-1,1,0.03005427108452944
400,23,5,2,2022-10-10,2022-10-17,CRYPTO:USDPUSD,CRYPTO:KAVAUSD,0.03995233954346089,0.061627005046735794,1,-1,1,0.10631201253196898
401,23,5,3,2022-10-17,2022-10-30,CRYPTO:KAVAUSD,CRYPTO:USDPUSD,0.034584405799607865,0.005632958413531952,1,-1,1,0.04510719641298801
402,23,6,1,2022-10-17,2022-10-30,CRYPTO:KAVAUSD,CRYPTO:QNTUSD,0.034584405799607865,0.19844565410730453,1,-1,1,0.39469669717048145
403,24,1,1,2022-11-01,2022-12-30,CRYPTO:MANAUSD,CRYPTO:TWTUSD,-0.5505408115081315,-0.12790574400762056,1,-1,1,-0.5527159787647113
404,24,2,1,2022-11-14,2022-12-30,CRYPTO:MANAUSD,CRYPTO:USDPUSD,-0.33657365617259305,0.008089280213064098,1,-1,1,-0.1937216387063413
405,24,3,1,2022-11-09,2022-12-24,CRYPTO:MANAUSD,CRYPTO:DAIUSD,-0.2856965074497997,0.004378303351383117,1,-1,1,-0.17302138394506578
406,24,3,2,2022-12-26,2022-12-27,CRYPTO:DAIUSD,CRYPTO:MANAUSD,0.0013453139399768332,0.023414799030544442,1,-1,1,0.013638533889658275
407,24,4,1,2022-11-18,2022-12-30,CRYPTO:MANAUSD,CRYPTO:CHZUSD,-0.2925375293267455,0.6273486377568542,1,-1,1,0.1395311318631059
408,24,5,1,2022-11-19,2022-12-30,CRYPTO:MANAUSD,CRYPTO:TUSDUSD,-0.2977190872023825,0.015262214695050957,1,-1,1,-0.15143063311757327
409,24,6,1,2022-11-10,2022-11-18,CRYPTO:USDDUSD,CRYPTO:MANAUSD,0.019333120579787755,0.22041316278183687,1,-1,1,0.18062173886933394
410,24,7,1,2022-11-08,2022-11-10,CRYPTO:MANAUSD,CRYPTO:FEIUSD,-0.062343139638836864,0.028040201005025134,1,-1,1,-0.009402900843064608
411,24,7,2,2022-11-20,2022-11-22,CRYPTO:MANAUSD,CRYPTO:FEIUSD,-0.0029789036202808594,0.03586179107484644,1,-1,1,0.05008558148182968
412,24,7,3,2022-11-26,2022-12-30,CRYPTO:MANAUSD,CRYPTO:FEIUSD,-0.27831750777294406,0.016969940685633844,1,-1,1,-0.1369409483305814
413,24,8,1,2022-11-23,2022-12-30,CRYPTO:MANAUSD,CRYPTO:OKBUSD,-0.26328327405122265,-0.18722292220822245,1,-1,1,-0.37721098846304735
414,24,9,1,2022-11-09,2022-11-10,CRYPTO:GUSDUSD,CRYPTO:MANAUSD,0.03636463480465535,-0.1576361513996256,1,-1,1,-0.0520984018595356
415,24,9,2,2022-11-12,2022-11-14,CRYPTO:MANAUSD,CRYPTO:GUSDUSD,-0.04858272071701475,0.039255554105520174,1,-1,1,0.02305379724744055
416,24,9,3,2022-11-14,2022-11-15,CRYPTO:GUSDUSD,CRYPTO:MANAUSD,0.039410951034941855,-0.021399622626639747,1,-1,1,0.040684572029738346
417,24,9,4,2022-11-18,2022-12-05,CRYPTO:MANAUSD,CRYPTO:GUSDUSD,0.01655525762998855,0.028300119009411095,1,-1,1,0.04974880901165321
418,24,9,5,2022-12-05,2022-12-06,CRYPTO:GUSDUSD,CRYPTO:MANAUSD,0.02676612414336388,0.009983955106203757,1,-1,1,0.04342642453650673
419,24,9,6,2022-12-17,2022-12-30,CRYPTO:MANAUSD,CRYPTO:GUSDUSD,-0.12452853292202404,0.038863648046437826,1,-1,1,-0.003360040365020025
420,24,10,1,2022-11-16,2022-12-30,CRYPTO:MANAUSD,CRYPTO:USDCUSD,-0.32353553142004643,0.00035290012926347814,1,-1,1,-0.19469632025687525
421,24,11,1,2022-11-08,2022-12-30,CRYPTO:FTTUSD,CRYPTO:MANAUSD,-0.8474049419887689,0.4828555839612436,1,-1,1,-1.4453347274586175
422,24,12,1,2022-11-01,2022-12-30,CRYPTO:KAVAUSD,CRYPTO:TWTUSD,-0.576028261507429,-0.12790574400762056,1,-1,1,-0.740214775816983
423,24,13,1,2022-11-10,2022-12-30,CRYPTO:KAVAUSD,CRYPTO:USDPUSD,-0.373738677083976,0.002408699302376749,1,-1,1,-0.3628372878081984
424,24,14,1,2022-11-04,2022-12-24,CRYPTO:KAVAUSD,CRYPTO:DAIUSD,-0.5125596127720666,0.0014545563603101108,1,-1,1,-0.6058605273678794
425,24,15,1,2022-11-16,2022-12-30,CRYPTO:KAVAUSD,CRYPTO:CHZUSD,-0.3381241553595775,0.5649081099418715,1,-1,1,-0.31032803133964004
426,24,16,1,2022-11-10,2022-12-30,CRYPTO:KAVAUSD,CRYPTO:TUSDUSD,-0.373738677083976,0.002898014586774078,1,-1,1,-0.3618772300420376
427,25,1,1,2023-01-01,2023-03-01,CRYPTO:MANAUSD,CRYPTO:TWTUSD,1.1825026528622158,0.05713170031892212,1,-1,1,0.5088572833652866
428,25,2,1,2023-02-10,2023-02-11,CRYPTO:USDPUSD,CRYPTO:MANAUSD,0.026349079016383392,-0.009018427362603054,1,-1,1,0.023361089753382344
429,25,3,1,2023-01-02,2023-01-03,CRYPTO:DAIUSD,CRYPTO:MANAUSD,0.0016387231790628842,0.004834039173449711,1,-1,1,0.004793608208438483
430,25,3,2,2023-01-05,2023-01-08,CRYPTO:DAIUSD,CRYPTO:MANAUSD,0.001402745172302211,-0.17660052774430435,1,-1,1,-0.08382702736191934
431,25,3,3,2023-01-09,2023-01-10,CRYPTO:DAIUSD,CRYPTO:MANAUSD,0.0016682363785744947,-0.02012135709438989,1,-1,1,-0.008998372393139538
432,25,3,4,2023-01-19,2023-01-20,CRYPTO:DAIUSD,CRYPTO:MANAUSD,0.002371046167727764,-0.13268397768066031,1,-1,1,-0.1014638522826419
433,25,3,5,2023-01-23,2023-01-25,CRYPTO:DAIUSD,CRYPTO:MANAUSD,0.0013666487596890597,0.048880489756946366,1,-1,1,0.042684082965232066
434,25,3,6,2023-02-04,2023-02-06,CRYPTO:DAIUSD,CRYPTO:MANAUSD,0.006731959668223375,0.09228709765707421,1,-1,1,0.08877504694400154
435,25,3,7,2023-02-07,2023-02-08,CRYPTO:DAIUSD,CRYPTO:MANAUSD,0.0032245697562856,0.048726405934624184,1,-1,1,0.047196599567157806
436,25,3,8,2023-02-15,2023-02-17,CRYPTO:DAIUSD,CRYPTO:MANAUSD,0.0034230408803923584,0.020072244922745508,1,-1,1,0.02093438111785582
437,25,4,1,2023-01-02,2023-01-06,CRYPTO:MANAUSD,CRYPTO:FEIUSD,0.056571054192203096,0.024907536409104925,1,-1,1,0.06483969400332716
438,25,4,2,2023-02-01,2023-02-02,CRYPTO:FEIUSD,CRYPTO:MANAUSD,0.036776196528660376,0.02308032626237,1,-1,1,0.06107841042333626
439,25,5,1,2023-01-01,2023-03-01,CRYPTO:MANAUSD,CRYPTO:OKBUSD,1.1825026528622158,-0.8696871471755836,1,-1,1,-1.694811673430953
440,25,6,1,2023-01-19,2023-01-21,CRYPTO:MANAUSD,CRYPTO:USDCUSD,0.10771437188958144,0.0008444933040175906,1,-1,1,0.08556966734671835
441,25,6,2,2023-02-06,2023-02-07,CRYPTO:MANAUSD,CRYPTO:USDCUSD,0.1397766488249379,0.0011689129109928587,1,-1,1,0.11726356747619167
442,25,7,1,2023-01-01,2023-03-01,CRYPTO:BATUSD,CRYPTO:TWTUSD,0.7818965555701294,0.05713170031892212,1,-1,1,0.26792841940388873
443,25,8,1,2023-02-10,2023-02-11,CRYPTO:USDPUSD,CRYPTO:BATUSD,0.026349079016383392,0.0004075229997404506,1,-1,1,0.041368645611070495
444,25,9,1,2023-01-02,2023-01-03,CRYPTO:DAIUSD,CRYPTO:BATUSD,0.0016387231790628842,-0.0027368218197090233,1,-1,1,0.0019842635321731684
445,25,9,2,2023-01-05,2023-01-08,CRYPTO:DAIUSD,CRYPTO:BATUSD,0.001402745172302211,-0.06834922647452646,1,-1,1,-0.01805408660675579
446,25,9,3,2023-01-09,2023-01-10,CRYPTO:DAIUSD,CRYPTO:BATUSD,0.0016682363785744947,0.0011447887532872736,1,-1,1,0.003164404346885205
447,25,9,4,2023-01-19,2023-01-20,CRYPTO:DAIUSD,CRYPTO:BATUSD,0.002371046167727764,-0.04835160813678652,1,-1,1,-0.014999833503312729
448,25,9,5,2023-01-23,2023-01-24,CRYPTO:DAIUSD,CRYPTO:BATUSD,0.001083163628749606,0.05079250530996737,1,-1,1,0.022380336485055163
449,25,9,6,2023-02-04,2023-02-06,CRYPTO:DAIUSD,CRYPTO:BATUSD,0.006731959668223375,0.0013017147331785273,1,-1,1,0.011093219650642545
450,25,9,7,2023-02-07,2023-02-08,CRYPTO:DAIUSD,CRYPTO:BATUSD,0.0032245697562856,0.003196997846891758,1,-1,1,0.006436388097480145
451,25,9,8,2023-02-15,2023-02-17,CRYPTO:DAIUSD,CRYPTO:BATUSD,0.0034230408803923584,0.02172714855495128,1,-1,1,0.015619870088880994
452,26,1,1,2023-03-11,2023-03-14,CRYPTO:USDPUSD,CRYPTO:MANAUSD,0.023109886746250474,-0.17107760005911365,1,-1,1,-0.0888790908821307
453,26,1,2,2023-03-23,2023-03-26,CRYPTO:MANAUSD,CRYPTO:USDPUSD,-0.03925269061460879,0.020613472729065996,1,-1,1,-0.0040173837757328705
454,26,1,3,2023-04-03,2023-04-04,CRYPTO:MANAUSD,CRYPTO:USDPUSD,0.01126474143243028,0.019795248746169558,1,-1,1,0.033321836483835
455,26,2,1,2023-03-05,2023-03-06,CRYPTO:DAIUSD,CRYPTO:MANAUSD,0.0029272207453479027,-0.059053665189569005,1,-1,1,-0.03958296033270814
456,26,2,2,2023-03-11,2023-03-15,CRYPTO:DAIUSD,CRYPTO:MANAUSD,0.02675719957472822,-0.06717908204604495,1,-1,1,-0.012126828371568284
457,26,2,3,2023-04-17,2023-04-18,CRYPTO:DAIUSD,CRYPTO:MANAUSD,0.004276188829744454,0.00922908800371447,1,-1,1,0.012616069162326424
458,26,3,1,2023-04-14,2023-04-17,CRYPTO:TUSDUSD,CRYPTO:MANAUSD,0.008323532970356817,-0.08034426593337263,1,-1,1,-0.052943840661001475
459,26,4,1,2023-04-04,2023-04-29,CRYPTO:MANAUSD,CRYPTO:PAXGUSD,-0.07020711502450228,0.008276487735137117,1,-1,1,0.016506634883844823
460,26,5,1,2023-04-26,2023-04-27,CRYPTO:FEIUSD,CRYPTO:MANAUSD,0.05916382626098371,-0.025129421806028507,1,-1,1,0.05745754381585217
461,26,5,2,2023-04-27,2023-04-29,CRYPTO:MANAUSD,CRYPTO:FEIUSD,-0.0026638846494474455,0.010795862734098938,1,-1,1,0.012074027072381177
462,26,6,1,2023-03-01,2023-04-29,CRYPTO:MANAUSD,CRYPTO:OKBUSD,-0.15733192363473092,0.07069113292815954,1,-1,1,0.13561287969673297
463,26,7,1,2023-03-10,2023-03-11,CRYPTO:MANAUSD,CRYPTO:GUSDUSD,-0.01126102544871721,0.028448437024370832,1,-1,1,0.029812336018407277
464,26,8,1,2023-03-01,2023-04-29,CRYPTO:MANAUSD,CRYPTO:AGIXUSD,-0.15733192363473092,0.36463059118919083,1,-1,1,0.15664865478532788
465,26,9,1,2023-03-10,2023-03-14,CRYPTO:USDCUSD,CRYPTO:MANAUSD,0.006460256778333617,-0.15789006540242512,1,-1,1,-0.10131333554949419
466,26,9,2,2023-04-10,2023-04-11,CRYPTO:USDCUSD,CRYPTO:MANAUSD,0.011655087118500829,0.008466915022457111,1,-1,1,0.02087004787396753
467,26,10,1,2023-03-01,2023-04-29,CRYPTO:MANAUSD,CRYPTO:CFXUSD,-0.15733192363473092,-0.3639629579681727,1,-1,1,-0.4250755231471551
468,26,11,1,2023-03-01,2023-04-29,CRYPTO:MANAUSD,CRYPTO:SSVUSD,-0.15733192363473092,0.37559220041124153,1,-1,1,0.7350474821953986
469,26,12,1,2023-03-11,2023-03-12,CRYPTO:USDPUSD,CRYPTO:BATUSD,0.015100499948984769,-0.0809710391137326,1,-1,1,-0.0035378125045000576
470,26,12,2,2023-03-23,2023-03-26,CRYPTO:BATUSD,CRYPTO:USDPUSD,-0.03198497814779433,0.020613472729065996,1,-1,1,0.02019421390251185
471,26,12,3,2023-04-03,2023-04-04,CRYPTO:BATUSD,CRYPTO:USDPUSD,0.019515521228081756,0.019795248746169558,1,-1,1,0.039471699238988335
472,26,13,1,2023-03-05,2023-03-06,CRYPTO:DAIUSD,CRYPTO:BATUSD,0.0029272207453479027,-0.012906710210536243,1,-1,1,-0.0006200634680800741
473,26,13,2,2023-03-11,2023-03-14,CRYPTO:DAIUSD,CRYPTO:BATUSD,0.025791606531107014,-0.19735785708373044,1,-1,1,-0.027221185722511636
474,27,1,1,2023-05-01,2023-06-29,CRYPTO:MANAUSD,CRYPTO:CSPRUSD,-0.30174903557385135,0.35269119414862093,1,-1,1,-0.4715882877505351
475,27,2,1,2023-06-11,2023-06-29,CRYPTO:MANAUSD,CRYPTO:WBTCUSD,0.08399270301091821,-0.16936543754833067,1,-1,1,-0.338724263033375
476,27,3,1,2023-06-12,2023-06-29,CRYPTO:MANAUSD,CRYPTO:USDPUSD,0.07648790194037569,0.0060364180593664996,1,-1,1,0.04790742924105871
477,27,4,1,2023-05-07,2023-06-22,CRYPTO:MANAUSD,CRYPTO:DAIUSD,-0.28634004575160754,0.014548028936518187,1,-1,1,-0.17403755596049597
478,27,4,2,2023-06-22,2023-06-26,CRYPTO:DAIUSD,CRYPTO:MANAUSD,0.01127191779782355,-0.0362228467529071,1,-1,1,-0.003060815089393953
479,27,5,1,2023-05-07,2023-06-10,CRYPTO:MANAUSD,CRYPTO:TUSDUSD,-0.32359751195132236,0.008148718806355704,1,-1,1,-0.2074849581864141
480,27,5,2,2023-06-14,2023-06-29,CRYPTO:MANAUSD,CRYPTO:TUSDUSD,0.10264314730586666,0.01668711456613714,1,-1,1,0.07589227731874632
481,27,6,1,2023-05-13,2023-06-29,CRYPTO:MANAUSD,CRYPTO:RPLUSD,-0.18408328021906328,0.2523383323640678,1,-1,1,0.49687093423991174
482,27,7,1,2023-06-11,2023-06-29,CRYPTO:MANAUSD,CRYPTO:USDDUSD,0.08399270301091821,-5.7037408688120905e-05,1,-1,1,0.042536307332752946
483,27,8,1,2023-06-23,2023-06-29,CRYPTO:MANAUSD,CRYPTO:BCHUSD,-0.04681282818584098,-0.3925436650456058,1,-1,1,-0.7836237100079924
484,27,9,1,2023-05-02,2023-06-29,CRYPTO:MANAUSD,CRYPTO:PAXGUSD,-0.3089809917213364,0.06140628703460527,1,-1,1,0.12261722918132095
485,27,10,1,2023-06-08,2023-06-29,CRYPTO:MANAUSD,CRYPTO:OKBUSD,-0.11645523172364058,0.028723023193337527,1,-1,1,0.05476384310317665
486,27,11,1,2023-05-04,2023-06-29,CRYPTO:MANAUSD,CRYPTO:WOOUSD,-0.3098057396412979,0.26798673446933075,1,-1,1,-0.21767482015599443
487,27,12,1,2023-06-11,2023-06-29,CRYPTO:MANAUSD,CRYPTO:BTCUSD,0.08399270301091821,-0.17401144669083912,1,-1,1,-0.348016139719428
488,27,13,1,2023-05-30,2023-06-29,CRYPTO:MANAUSD,CRYPTO:XRPUSD,-0.2339809185514906,0.08226344230253324,1,-1,1,-0.13862577125990536
489,27,14,1,2023-06-19,2023-06-29,CRYPTO:MANAUSD,CRYPTO:GUSDUSD,0.08697481827641185,0.0006830335851396585,1,-1,1,0.044873248367445176
490,27,15,1,2023-06-10,2023-06-29,CRYPTO:MANAUSD,CRYPTO:AGIXUSD,0.06453805595817008,-0.10925362073068445,1,-1,1,0.0015151229916691943
491,27,16,1,2023-05-07,2023-06-21,CRYPTO:MANAUSD,CRYPTO:USDCUSD,-0.2765463025206121,0.009879641663803285,1,-1,1,-0.17345759794444066
492,27,16,2,2023-06-22,2023-06-29,CRYPTO:USDCUSD,CRYPTO:MANAUSD,-0.0019457487757199576,-0.008962581389273305,1,-1,1,-0.007662807073617078
493,27,17,1,2023-05-07,2023-06-29,CRYPTO:CAKEUSD,CRYPTO:MANAUSD,-0.27058597735115253,0.27994381032739135,1,-1,1,-0.32028862587380597
494,27,18,1,2023-05-09,2023-06-29,CRYPTO:MANAUSD,CRYPTO:CFXUSD,-0.21488334170035184,0.21238458100441315,1,-1,1,-0.12561457004684812
495,27,19,1,2023-06-21,2023-06-29,CRYPTO:MANAUSD,CRYPTO:ETHUSD,-0.004696233938145,0.01976859889062954,1,-1,1,0.03952762512218331
496,27,20,1,2023-05-01,2023-06-29,CRYPTO:MANAUSD,CRYPTO:INJUSD,-0.30174903557385135,-0.00023872758729925891,1,-1,1,-0.03834143364578171
497,27,21,1,2023-05-22,2023-06-29,CRYPTO:MANAUSD,CRYPTO:TRXUSD,-0.23495543930175866,0.04218419044926147,1,-1,1,-0.39212955873241795
498,27,22,1,2023-06-23,2023-06-29,CRYPTO:MANAUSD,CRYPTO:LTCUSD,-0.04681282818584098,0.07054011826945283,1,-1,1,0.14009070466388243
499,27,23,1,2023-05-01,2023-06-29,CRYPTO:MANAUSD,CRYPTO:RNDRUSD,-0.30174903557385135,0.10178313319770915,1,-1,1,0.04811350193245168
500,27,24,1,2023-05-01,2023-06-29,CRYPTO:KAVAUSD,CRYPTO:CSPRUSD,0.2288319956928393,0.35269119414862093,1,-1,1,0.4755197981969272
501,27,25,1,2023-05-05,2023-06-29,CRYPTO:KAVAUSD,CRYPTO:WBTCUSD,0.174270862068582,-0.028438614721626676,1,-1,1,-0.05686632414568776
502,28,1,1,2023-07-02,2023-08-29,CRYPTO:MANAUSD,CRYPTO:XMRUSD,-0.2263653420185866,0.129847302235368,1,-1,1,0.25798558564586527
503,28,2,1,2023-07-01,2023-08-29,CRYPTO:MANAUSD,CRYPTO:WBTCUSD,-0.2517070975263508,0.09288934515846015,1,-1,1,0.18576923590054198
504,28,3,1,2023-08-03,2023-08-06,CRYPTO:MANAUSD,CRYPTO:USDPUSD,0.004831681759129847,0.01798847147684357,1,-1,1,0.028888760526218072
505,28,4,1,2023-07-02,2023-08-29,CRYPTO:MANAUSD,CRYPTO:COMPUSD,-0.2263653420185866,0.3611642726066677,1,-1,1,0.7154101135955053
506,28,5,1,2023-08-13,2023-08-14,CRYPTO:MANAUSD,CRYPTO:DAIUSD,-0.0012436770638070138,0.012826115608460031,1,-1,1,0.01816484450933812
507,28,6,1,2023-07-01,2023-08-29,CRYPTO:MANAUSD,CRYPTO:BCHUSD,-0.2517070975263508,0.22532828661125182,1,-1,1,0.4492825774804595
508,28,7,1,2023-08-16,2023-08-29,CRYPTO:MANAUSD,CRYPTO:OKBUSD,-0.04367743881408381,0.03260965298573182,1,-1,1,0.06412508653458883
509,28,8,1,2023-07-03,2023-08-29,CRYPTO:MANAUSD,CRYPTO:WOOUSD,-0.22930930924144188,0.3220488402050138,1,-1,1,-0.025965984441265202
510,28,9,1,2023-08-17,2023-08-29,CRYPTO:MANAUSD,CRYPTO:BUSDUSD,0.05680410125375257,0.0008550325810315895,1,-1,1,0.02730825414430828
511,28,10,1,2023-07-01,2023-08-29,CRYPTO:MANAUSD,CRYPTO:BTCUSD,-0.2517070975263508,0.09369895131264894,1,-1,1,0.18738843436741248
512,28,11,1,2023-07-13,2023-08-29,CRYPTO:MANAUSD,CRYPTO:XRPUSD,-0.29090082191040223,0.33864566234657123,1,-1,1,0.23474056257133236
513,28,12,1,2023-08-15,2023-08-29,CRYPTO:MANAUSD,CRYPTO:GUSDUSD,-0.0908977978657729,0.008973409726742765,1,-1,1,-0.03306475099864111
514,28,13,1,2023-07-01,2023-07-03,CRYPTO:USDCUSD,CRYPTO:MANAUSD,0.0143726179485959,0.02906196811961448,1,-1,1,0.037505460238158254
515,28,13,2,2023-07-27,2023-08-29,CRYPTO:MANAUSD,CRYPTO:USDCUSD,-0.1863475281456467,0.003069961226788598,1,-1,1,-0.09903586619237269
516,28,14,1,2023-07-13,2023-08-29,CRYPTO:MANAUSD,CRYPTO:XLMUSD,-0.29090082191040223,0.20090946507427465,1,-1,1,-0.32591634405036934
517,28,15,1,2023-07-20,2023-08-29,CRYPTO:MANAUSD,CRYPTO:LINKUSD,-0.2178221749061503,0.2594933472322165,1,-1,1,0.4752709027485079
518,28,16,1,2023-07-03,2023-08-29,CRYPTO:MANAUSD,CRYPTO:ETHUSD,-0.22930930924144188,0.11575099066854155,1,-1,1,0.23135836505959176
519,28,17,1,2023-07-01,2023-08-29,CRYPTO:MANAUSD,CRYPTO:INJUSD,-0.2517070975263508,0.18105066467387365,1,-1,1,0.3229524616530567
520,28,18,1,2023-07-01,2023-08-29,CRYPTO:MANAUSD,CRYPTO:TRXUSD,-0.2517070975263508,-0.002725658087197047,1,-1,1,-0.42602227258691305
521,28,19,1,2023-07-20,2023-08-29,CRYPTO:MANAUSD,CRYPTO:XDCUSD,-0.2178221749061503,-0.5089780354492826,1,-1,1,-0.48898204291499003
522,28,20,1,2023-07-03,2023-08-29,CRYPTO:MANAUSD,CRYPTO:MKRUSD,-0.22930930924144188,-0.0724630715836132,1,-1,1,-0.1450567743342198
523,28,21,1,2023-07-01,2023-08-29,CRYPTO:MANAUSD,CRYPTO:LTCUSD,-0.2517070975263508,0.3573454513615172,1,-1,1,0.7099447347170381
524,28,22,1,2023-07-03,2023-08-29,CRYPTO:MANAUSD,CRYPTO:RNDRUSD,-0.22930930924144188,0.3128692276160041,1,-1,1,0.4533368088921636
525,28,23,1,2023-08-03,2023-08-06,CRYPTO:KAVAUSD,CRYPTO:USDPUSD,-0.02147656105982898,0.01798847147684357,1,-1,1,-0.00026930446307214177
