time,open,high,low,close
2018-03-26T08:00:00+08:00,174.82,174.82,174.82,174.82
2018-03-27T08:00:00+08:00,175.78,175.78,175.78,175.78
2018-03-28T08:00:00+08:00,172.7,172.7,172.7,172.7
2018-03-29T08:00:00+08:00,155.55,155.55,155.55,155.55
2018-03-30T08:00:00+08:00,150.69,150.69,150.69,150.69
2018-04-02T08:00:00+08:00,151.48,151.48,151.48,151.48
2018-04-03T08:00:00+08:00,162.44,162.44,162.44,162.44
2018-04-04T08:00:00+08:00,149.52,149.52,149.52,149.52
2018-04-06T08:00:00+08:00,143.79,143.79,143.79,143.79
2018-04-09T08:00:00+08:00,147.48,147.48,147.48,147.48
2018-04-10T08:00:00+08:00,151.25,151.25,151.25,151.25
2018-04-11T08:00:00+08:00,154.61,154.61,154.61,154.61
2018-04-12T08:00:00+08:00,174.42,174.42,174.42,174.42
2018-04-13T08:00:00+08:00,180.24,180.24,180.24,180.24
2018-04-16T08:00:00+08:00,185.18,185.18,185.18,185.18
2018-04-17T08:00:00+08:00,185.41,185.41,185.41,185.41
2018-04-18T08:00:00+08:00,195.1,195.1,195.1,195.1
2018-04-19T08:00:00+08:00,202.72,202.72,202.72,202.72
2018-04-20T08:00:00+08:00,216.7,216.7,216.7,216.7
2018-04-23T08:00:00+08:00,227.3,227.3,227.3,227.3
2018-04-24T08:00:00+08:00,246.8,246.8,246.8,246.8
2018-04-25T08:00:00+08:00,230.43,230.43,230.43,230.43
2018-04-26T08:00:00+08:00,231.74,231.74,231.74,231.74
2018-04-27T08:00:00+08:00,231.27,231.27,231.27,231.27
2018-04-30T08:00:00+08:00,240.08,240.08,240.08,240.08
2018-05-01T08:00:00+08:00,237.54,237.54,237.54,237.54
2018-05-02T08:00:00+08:00,244.24,244.24,244.24,244.24
2018-05-03T08:00:00+08:00,255.98,255.98,255.98,255.98
2018-05-04T08:00:00+08:00,258.03,258.03,258.03,258.03
2018-05-07T08:00:00+08:00,251.35,251.35,251.35,251.35
2018-05-08T08:00:00+08:00,244.64,244.64,244.64,244.64
2018-05-09T08:00:00+08:00,243.38,243.38,243.38,243.38
2018-05-10T08:00:00+08:00,240.43,240.43,240.43,240.43
2018-05-11T08:00:00+08:00,215.15,215.15,215.15,215.15
2018-05-14T08:00:00+08:00,231.92,231.92,231.92,231.92
2018-05-15T08:00:00+08:00,221.23,221.23,221.23,221.23
2018-05-16T08:00:00+08:00,214.17,214.17,214.17,214.17
2018-05-17T08:00:00+08:00,210.45,210.45,210.45,210.45
2018-05-18T08:00:00+08:00,211.66,211.66,211.66,211.66
2018-05-21T08:00:00+08:00,215.08,215.08,215.08,215.08
2018-05-22T08:00:00+08:00,203.86,203.86,203.86,203.86
2018-05-23T08:00:00+08:00,187.87,187.87,187.87,187.87
2018-05-24T08:00:00+08:00,188.15,188.15,188.15,188.15
2018-05-25T08:00:00+08:00,185.24,185.24,185.24,185.24
2018-05-29T08:00:00+08:00,184.13,184.13,184.13,184.13
2018-05-30T08:00:00+08:00,179.24,179.24,179.24,179.24
2018-05-31T08:00:00+08:00,186.65,186.65,186.65,186.65
2018-06-01T08:00:00+08:00,184.03,184.03,184.03,184.03
2018-06-04T08:00:00+08:00,190.35,190.35,190.35,190.35
2018-06-05T08:00:00+08:00,192.62,192.62,192.62,192.62
2018-06-06T08:00:00+08:00,192.38,192.38,192.38,192.38
2018-06-07T08:00:00+08:00,192.32,192.32,192.32,192.32
2018-06-08T08:00:00+08:00,191.38,191.38,191.38,191.38
2018-06-11T08:00:00+08:00,165.03,165.03,165.03,165.03
2018-06-12T08:00:00+08:00,157.65,157.65,157.65,157.65
2018-06-13T08:00:00+08:00,137.62,137.62,137.62,137.62
2018-06-14T08:00:00+08:00,162.09,162.09,162.09,162.09
2018-06-15T08:00:00+08:00,156.77,156.77,156.77,156.77
2018-06-18T08:00:00+08:00,161.07,161.07,161.07,161.07
2018-06-19T08:00:00+08:00,161.72,161.72,161.72,161.72
2018-06-21T08:00:00+08:00,159.91,159.91,159.91,159.91
2018-06-22T08:00:00+08:00,141.28,141.28,141.28,141.28
2018-06-26T08:00:00+08:00,139.17,139.17,139.17,139.17
2018-06-27T08:00:00+08:00,138.3,138.3,138.3,138.3
2018-06-28T08:00:00+08:00,135.08,135.08,135.08,135.08
2018-06-29T08:00:00+08:00,131.92,131.92,131.92,131.92
2018-07-02T08:00:00+08:00,151.04,151.04,151.04,151.04
2018-07-03T08:00:00+08:00,151.18,151.18,151.18,151.18
2018-07-05T08:00:00+08:00,148.55,148.55,148.55,148.55
2018-07-06T08:00:00+08:00,149.59,149.59,149.59,149.59
2018-07-09T08:00:00+08:00,151.07,151.07,151.07,151.07
2018-07-10T08:00:00+08:00,141.39,141.39,141.39,141.39
2018-07-11T08:00:00+08:00,140.2,140.2,140.2,140.2
2018-07-12T08:00:00+08:00,135.56,135.56,135.56,135.56
2018-07-13T08:00:00+08:00,137.19,137.19,137.19,137.19
2018-07-16T08:00:00+08:00,149.43,149.43,149.43,149.43
2018-07-17T08:00:00+08:00,162.57,162.57,162.57,162.57
2018-07-18T08:00:00+08:00,159.91,159.91,159.91,159.91
2018-07-20T08:00:00+08:00,153.76,153.76,153.76,153.76
2018-07-23T08:00:00+08:00,157.93,157.93,157.93,157.93
2018-07-24T08:00:00+08:00,166.04,166.04,166.04,166.04
2018-07-25T08:00:00+08:00,167.49,167.49,167.49,167.49
2018-07-26T08:00:00+08:00,164.87,164.87,164.87,164.87
2018-07-27T08:00:00+08:00,166.21,166.21,166.21,166.21
2018-07-30T08:00:00+08:00,162,162,162,162
2018-07-31T08:00:00+08:00,153.88,153.88,153.88,153.88
2018-08-01T08:00:00+08:00,149.6,149.6,149.6,149.6
2018-08-02T08:00:00+08:00,148.66,148.66,148.66,148.66
2018-08-03T08:00:00+08:00,147.42,147.42,147.42,147.42
2018-08-06T08:00:00+08:00,138.66,138.66,138.66,138.66
2018-08-07T08:00:00+08:00,133.66,133.66,133.66,133.66
2018-08-09T08:00:00+08:00,128.38,128.38,128.38,128.38
2018-08-10T08:00:00+08:00,118.22,118.22,118.22,118.22
2018-08-13T08:00:00+08:00,113.73,113.73,113.73,113.73
2018-08-14T08:00:00+08:00,107.32,107.32,107.32,107.32
2018-08-15T08:00:00+08:00,114.69,114.69,114.69,114.69
2018-08-16T08:00:00+08:00,112.69,112.69,112.69,112.69
2018-08-17T08:00:00+08:00,120.09,120.09,120.09,120.09
2018-08-20T08:00:00+08:00,117.39,117.39,117.39,117.39
2018-08-21T08:00:00+08:00,116.5,116.5,116.5,116.5
2018-08-22T08:00:00+08:00,113,113,113,113
2018-08-23T08:00:00+08:00,115.72,115.72,115.72,115.72
2018-08-24T08:00:00+08:00,118.39,118.39,118.39,118.39
2018-08-27T08:00:00+08:00,120.24,120.24,120.24,120.24
2018-08-28T08:00:00+08:00,127.8,127.8,127.8,127.8
2018-08-29T08:00:00+08:00,126.4,126.4,126.4,126.4
2018-08-30T08:00:00+08:00,123.6,123.6,123.6,123.6
2018-08-31T08:00:00+08:00,125.13,125.13,125.13,125.13
2018-09-04T08:00:00+08:00,131.58,131.58,131.58,131.58
2018-09-05T08:00:00+08:00,120.53,120.53,120.53,120.53
2018-09-06T08:00:00+08:00,112.4,112.4,112.4,112.4
2018-09-07T08:00:00+08:00,112.19,112.19,112.19,112.19
2018-09-10T08:00:00+08:00,107.19,107.19,107.19,107.19
2018-09-11T08:00:00+08:00,104.55,104.55,104.55,104.55
2018-09-12T08:00:00+08:00,105.18,105.18,105.18,105.18
2018-09-13T08:00:00+08:00,109.53,109.53,109.53,109.53
2018-09-14T08:00:00+08:00,111.23,111.23,111.23,111.23
2018-09-17T08:00:00+08:00,105.02,105.02,105.02,105.02
2018-09-18T08:00:00+08:00,108.45,108.45,108.45,108.45
2018-09-19T08:00:00+08:00,110.22,110.22,110.22,110.22
2018-09-20T08:00:00+08:00,111.61,111.61,111.61,111.61
2018-09-21T08:00:00+08:00,123.37,123.37,123.37,123.37
2018-09-24T08:00:00+08:00,120.46,120.46,120.46,120.46
2018-09-25T08:00:00+08:00,114.05,114.05,114.05,114.05
2018-09-26T08:00:00+08:00,118.83,118.83,118.83,118.83
2018-09-27T08:00:00+08:00,122.52,122.52,122.52,122.52
2018-09-28T08:00:00+08:00,120.66,120.66,120.66,120.66
2018-10-01T08:00:00+08:00,121.82,121.82,121.82,121.82
2018-10-03T08:00:00+08:00,118.85,118.85,118.85,118.85
2018-10-04T08:00:00+08:00,120.3,120.3,120.3,120.3
2018-10-05T08:00:00+08:00,120.1,120.1,120.1,120.1
2018-10-08T08:00:00+08:00,122.18,122.18,122.18,122.18
2018-10-09T08:00:00+08:00,120.58,120.58,120.58,120.58
2018-10-10T08:00:00+08:00,119.69,119.69,119.69,119.69
2018-10-11T08:00:00+08:00,110.3,110.3,110.3,110.3
2018-10-12T08:00:00+08:00,111.09,111.09,111.09,111.09
2018-10-15T08:00:00+08:00,115.24,115.24,115.24,115.24
2018-10-16T08:00:00+08:00,116.41,116.41,116.41,116.41
2018-10-17T08:00:00+08:00,115.95,115.95,115.95,115.95
2018-10-18T08:00:00+08:00,114.25,114.25,114.25,114.25
2018-10-19T08:00:00+08:00,114.75,114.75,114.75,114.75
2018-10-22T08:00:00+08:00,115.27,115.27,115.27,115.27
2018-10-23T08:00:00+08:00,115.23,115.23,115.23,115.23
2018-10-24T08:00:00+08:00,115.34,115.34,115.34,115.34
2018-10-25T08:00:00+08:00,114.88,114.88,114.88,114.88
2018-10-26T08:00:00+08:00,114.58,114.58,114.58,114.58
2018-10-29T08:00:00+08:00,110.7,110.7,110.7,110.7
2018-10-30T08:00:00+08:00,111.3,111.3,111.3,111.3
2018-10-31T08:00:00+08:00,111.54,111.54,111.54,111.54
2018-11-01T08:00:00+08:00,112.74,112.74,112.74,112.74
2018-11-02T08:00:00+08:00,113.78,113.78,113.78,113.78
2018-11-05T08:00:00+08:00,116.41,116.41,116.41,116.41
2018-11-06T08:00:00+08:00,119.67,119.67,119.67,119.67
2018-11-07T08:00:00+08:00,120.53,120.53,120.53,120.53
2018-11-09T08:00:00+08:00,115.7,115.7,115.7,115.7
2018-11-12T08:00:00+08:00,115.73,115.73,115.73,115.73
2018-11-13T08:00:00+08:00,114.93,114.93,114.93,114.93
2018-11-14T08:00:00+08:00,101.33,101.33,101.33,101.33
2018-11-15T08:00:00+08:00,99.97,99.97,99.97,99.97
2018-11-16T08:00:00+08:00,99.02,99.02,99.02,99.02
2018-11-19T08:00:00+08:00,88.3,88.3,88.3,88.3
2018-11-20T08:00:00+08:00,78.4,78.4,78.4,78.4
2018-11-21T08:00:00+08:00,80.92,80.92,80.92,80.92
2018-11-23T08:00:00+08:00,75.22,75.22,75.22,75.22
2018-11-26T08:00:00+08:00,65.5,65.5,65.5,65.5
2018-11-27T08:00:00+08:00,66.73,66.73,66.73,66.73
2018-11-28T08:00:00+08:00,73.96,73.96,73.96,73.96
2018-11-29T08:00:00+08:00,73.19,73.19,73.19,73.19
2018-11-30T08:00:00+08:00,68.92,68.92,68.92,68.92
2018-12-03T08:00:00+08:00,67.35,67.35,67.35,67.35
2018-12-04T08:00:00+08:00,68,68,68,68
2018-12-05T08:00:00+08:00,64.59,64.59,64.59,64.59
2018-12-06T08:00:00+08:00,61.45,61.45,61.45,61.45
2018-12-07T08:00:00+08:00,57.53,57.53,57.53,57.53
2018-12-10T08:00:00+08:00,58.35,58.35,58.35,58.35
2018-12-11T08:00:00+08:00,57.37,57.37,57.37,57.37
2018-12-12T08:00:00+08:00,58.41,58.41,58.41,58.41
2018-12-13T08:00:00+08:00,55.43,55.43,55.43,55.43
2018-12-14T08:00:00+08:00,54.42,54.42,54.42,54.42
2018-12-17T08:00:00+08:00,60,60,60,60
2018-12-18T08:00:00+08:00,60.85,60.85,60.85,60.85
2018-12-19T08:00:00+08:00,64.47,64.47,64.47,64.47
2018-12-20T08:00:00+08:00,70.83,70.83,70.83,70.83
2018-12-21T08:00:00+08:00,67.45,67.45,67.45,67.45
2018-12-24T08:00:00+08:00,74.42,74.42,74.42,74.42
2018-12-27T08:00:00+08:00,62.95,62.95,62.95,62.95
2018-12-28T08:00:00+08:00,68.99,68.99,68.99,68.99
2018-12-31T08:00:00+08:00,69.37,69.37,69.37,69.37
2019-01-02T08:00:00+08:00,68.98,68.98,68.98,68.98
2019-01-03T08:00:00+08:00,71.63,71.63,71.63,71.63
2019-01-04T08:00:00+08:00,69.31,69.31,69.31,69.31
2019-01-07T08:00:00+08:00,73.46,73.46,73.46,73.46
2019-01-08T08:00:00+08:00,72.14,72.14,72.14,72.14
2019-01-09T08:00:00+08:00,72.41,72.41,72.41,72.41
2019-01-10T08:00:00+08:00,72.85,72.85,72.85,72.85
2019-01-11T08:00:00+08:00,65.13,65.13,65.13,65.13
2019-01-14T08:00:00+08:00,61.92,61.92,61.92,61.92
2019-01-15T08:00:00+08:00,65.51,65.51,65.51,65.51
2019-01-16T08:00:00+08:00,65.51,65.51,65.51,65.51
2019-01-17T08:00:00+08:00,64.5,64.5,64.5,64.5
2019-01-18T08:00:00+08:00,64.94,64.94,64.94,64.94
2019-01-21T08:00:00+08:00,63.33,63.33,63.33,63.33
2019-01-22T08:00:00+08:00,62.94,62.94,62.94,62.94
2019-01-23T08:00:00+08:00,63.59,63.59,63.59,63.59
2019-01-24T08:00:00+08:00,63.2,63.2,63.2,63.2
2019-01-28T08:00:00+08:00,62.57,62.57,62.57,62.57
2019-01-29T08:00:00+08:00,59.8,59.8,59.8,59.8
2019-01-30T08:00:00+08:00,59.34,59.34,59.34,59.34
2019-01-31T08:00:00+08:00,60.86,60.86,60.86,60.86
2019-02-01T08:00:00+08:00,59.84,59.84,59.84,59.84
2019-02-04T08:00:00+08:00,59.86,59.86,59.86,59.86
2019-02-07T08:00:00+08:00,58.71,58.71,58.71,58.71
2019-02-08T08:00:00+08:00,58.63,58.63,58.63,58.63
2019-02-11T08:00:00+08:00,64.82,64.82,64.82,64.82
2019-02-12T08:00:00+08:00,63.71,63.71,63.71,63.71
2019-02-13T08:00:00+08:00,64.05,64.05,64.05,64.05
2019-02-14T08:00:00+08:00,63.66,63.66,63.66,63.66
2019-02-19T08:00:00+08:00,69.73,69.73,69.73,69.73
2019-02-20T08:00:00+08:00,70.29,70.29,70.29,70.29
2019-02-21T08:00:00+08:00,71.82,71.82,71.82,71.82
2019-02-22T08:00:00+08:00,70.4,70.4,70.4,70.4
2019-02-25T08:00:00+08:00,67.16,67.16,67.16,67.16
2019-02-26T08:00:00+08:00,69.11,69.11,69.11,69.11
2019-02-27T08:00:00+08:00,68.4,68.4,68.4,68.4
2019-02-28T08:00:00+08:00,68.1,68.1,68.1,68.1
2019-03-01T08:00:00+08:00,68.24,68.24,68.24,68.24
2019-03-04T08:00:00+08:00,67.99,67.99,67.99,67.99
2019-03-05T08:00:00+08:00,66.12,66.12,66.12,66.12
2019-03-06T08:00:00+08:00,69.48,69.48,69.48,69.48
2019-03-07T08:00:00+08:00,69.72,69.72,69.72,69.72
2019-03-08T08:00:00+08:00,69.9,69.9,69.9,69.9
2019-03-11T08:00:00+08:00,70.62,70.62,70.62,70.62
2019-03-12T08:00:00+08:00,69.69,69.69,69.69,69.69
2019-03-13T08:00:00+08:00,70.19,70.19,70.19,70.19
2019-03-14T08:00:00+08:00,70.15,70.15,70.15,70.15
2019-03-15T08:00:00+08:00,70.53,70.53,70.53,70.53
2019-03-18T08:00:00+08:00,72.78,72.78,72.78,72.78
2019-03-19T08:00:00+08:00,72.86,72.86,72.86,72.86
2019-03-20T08:00:00+08:00,73.52,73.52,73.52,73.52
2019-03-21T08:00:00+08:00,73.83,73.83,73.83,73.83
2019-03-22T08:00:00+08:00,72.49,72.49,72.49,72.49
2019-03-26T08:00:00+08:00,71.77,71.77,71.77,71.77
2019-03-27T08:00:00+08:00,72.1,72.1,72.1,72.1
2019-03-28T08:00:00+08:00,74.67,74.67,74.67,74.67
2019-03-29T08:00:00+08:00,74.25,74.25,74.25,74.25
2019-04-17T08:00:00+08:00,92.15,92.15,92.15,92.15
2019-05-07T08:00:00+08:00,94.4,94.4,94.4,94.4
2019-05-09T08:00:00+08:00,96.26,96.26,96.26,96.26
2019-05-10T08:00:00+08:00,97.25,97.25,97.25,97.25
2019-05-13T08:00:00+08:00,108.49,108.49,108.49,108.49
2019-05-14T08:00:00+08:00,118.8,118.8,118.8,118.8
2019-05-15T08:00:00+08:00,125,125,125,125
2019-05-16T08:00:00+08:00,132.8,132.8,132.8,132.8
2019-05-17T08:00:00+08:00,129.01,129.01,129.01,129.01
2019-05-20T08:00:00+08:00,132.43,132.43,132.43,132.43
2019-05-21T08:00:00+08:00,128.49,128.49,128.49,128.49
2019-05-22T08:00:00+08:00,129.45,129.45,129.45,129.45
2019-05-23T08:00:00+08:00,124.27,124.27,124.27,124.27
2019-05-24T08:00:00+08:00,126.88,126.88,126.88,126.88
2019-05-28T08:00:00+08:00,142.62,142.62,142.62,142.62
2019-05-29T08:00:00+08:00,142.04,142.04,142.04,142.04
2019-05-30T08:00:00+08:00,142.2,142.2,142.2,142.2
2019-05-31T08:00:00+08:00,135.79,135.79,135.79,135.79
2019-06-03T08:00:00+08:00,142.56,142.56,142.56,142.56
2019-06-04T08:00:00+08:00,134.51,134.51,134.51,134.51
2019-06-05T08:00:00+08:00,126.82,126.82,126.82,126.82
2019-06-06T08:00:00+08:00,128.79,128.79,128.79,128.79
2019-06-07T08:00:00+08:00,129.42,129.42,129.42,129.42
2019-06-10T08:00:00+08:00,125.85,125.85,125.85,125.85
2019-06-11T08:00:00+08:00,131.7,131.7,131.7,131.7
2019-06-12T08:00:00+08:00,130.73,130.73,130.73,130.73
2019-06-13T08:00:00+08:00,134.81,134.81,134.81,134.81
2019-06-14T08:00:00+08:00,135.47,135.47,135.47,135.47
2019-06-17T08:00:00+08:00,144.84,144.84,144.84,144.84
2019-06-18T08:00:00+08:00,149.29,149.29,149.29,149.29
2019-06-19T08:00:00+08:00,145.27,145.27,145.27,145.27
2019-06-20T08:00:00+08:00,147.97,147.97,147.97,147.97
2019-06-21T08:00:00+08:00,149.98,149.98,149.98,149.98
2019-06-24T08:00:00+08:00,167.73,167.73,167.73,167.73
2019-06-25T08:00:00+08:00,169.6,169.6,169.6,169.6
2019-06-26T08:00:00+08:00,177.81,177.81,177.81,177.81
2019-06-27T08:00:00+08:00,189.58,189.58,189.58,189.58
2019-06-28T08:00:00+08:00,164.6,164.6,164.6,164.6
2019-07-01T08:00:00+08:00,160.52,160.52,160.52,160.52
2019-07-03T08:00:00+08:00,160.55,160.55,160.55,160.55
2019-07-05T08:00:00+08:00,163.68,163.68,163.68,163.68
2019-07-08T08:00:00+08:00,168.3,168.3,168.3,168.3
2019-07-09T08:00:00+08:00,177.01,177.01,177.01,177.01
2019-07-10T08:00:00+08:00,178.86,178.86,178.86,178.86
2019-07-11T08:00:00+08:00,171.1,171.1,171.1,171.1
2019-07-12T08:00:00+08:00,158.92,158.92,158.92,158.92
2019-07-15T08:00:00+08:00,142.38,142.38,142.38,142.38
2019-07-16T08:00:00+08:00,149.45,149.45,149.45,149.45
2019-07-18T08:00:00+08:00,134.76,134.76,134.76,134.76
2019-07-19T08:00:00+08:00,147.27,147.27,147.27,147.27
2019-07-22T08:00:00+08:00,147.79,147.79,147.79,147.79
2019-07-23T08:00:00+08:00,144,144,144,144
2019-07-24T08:00:00+08:00,138.31,138.31,138.31,138.31
2019-07-25T08:00:00+08:00,138.34,138.34,138.34,138.34
2019-07-26T08:00:00+08:00,139.32,139.32,139.32,139.32
2019-07-29T08:00:00+08:00,134.5,134.5,134.5,134.5
2019-07-30T08:00:00+08:00,134.02,134.02,134.02,134.02
2019-07-31T08:00:00+08:00,135.14,135.14,135.14,135.14
2019-08-01T08:00:00+08:00,141.01,141.01,141.01,141.01
2019-08-02T08:00:00+08:00,143.85,143.85,143.85,143.85
2019-08-05T08:00:00+08:00,149.33,149.33,149.33,149.33
2019-08-06T08:00:00+08:00,158.64,158.64,158.64,158.64
2019-08-07T08:00:00+08:00,153.7,153.7,153.7,153.7
2019-08-08T08:00:00+08:00,158.14,158.14,158.14,158.14
2019-08-09T08:00:00+08:00,157.87,157.87,157.87,157.87
2019-08-12T08:00:00+08:00,153.04,153.04,153.04,153.04
2019-08-13T08:00:00+08:00,150.94,150.94,150.94,150.94
2019-08-14T08:00:00+08:00,145.82,145.82,145.82,145.82
2019-08-16T08:00:00+08:00,136.71,136.71,136.71,136.71
2019-08-19T08:00:00+08:00,138.05,138.05,138.05,138.05
2019-08-20T08:00:00+08:00,144.44,144.44,144.44,144.44
2019-08-21T08:00:00+08:00,141.87,141.87,141.87,141.87
2019-08-22T08:00:00+08:00,134.28,134.28,134.28,134.28
2019-08-23T08:00:00+08:00,135.1,135.1,135.1,135.1
2019-08-26T08:00:00+08:00,134.68,134.68,134.68,134.68
2019-08-27T08:00:00+08:00,137.19,137.19,137.19,137.19
2019-08-28T08:00:00+08:00,135.04,135.04,135.04,135.04
2019-08-29T08:00:00+08:00,128.47,128.47,128.47,128.47
2019-08-30T08:00:00+08:00,125.17,125.17,125.17,125.17
2019-09-04T08:00:00+08:00,137.3,137.3,137.3,137.3
2019-09-05T08:00:00+08:00,136.41,136.41,136.41,136.41
2019-09-06T08:00:00+08:00,135.83,135.83,135.83,135.83
2019-09-09T08:00:00+08:00,135.9,135.9,135.9,135.9
2019-09-10T08:00:00+08:00,134.69,134.69,134.69,134.69
2019-09-11T08:00:00+08:00,132.21,132.21,132.21,132.21
2019-09-12T08:00:00+08:00,132.33,132.33,132.33,132.33
2019-09-13T08:00:00+08:00,134.63,134.63,134.63,134.63
2019-09-16T08:00:00+08:00,135.05,135.05,135.05,135.05
2019-09-17T08:00:00+08:00,134.86,134.86,134.86,134.86
2019-09-18T08:00:00+08:00,136.32,136.32,136.32,136.32
2019-09-19T08:00:00+08:00,137.71,137.71,137.71,137.71
2019-09-20T08:00:00+08:00,138.37,138.37,138.37,138.37
2019-09-23T08:00:00+08:00,134.43,134.43,134.43,134.43
2019-09-24T08:00:00+08:00,129.42,129.42,129.42,129.42
2019-09-26T08:00:00+08:00,112.23,112.23,112.23,112.23
2019-09-27T08:00:00+08:00,107.93,107.93,107.93,107.93
2019-09-30T08:00:00+08:00,107.94,107.94,107.94,107.94
2019-10-01T08:00:00+08:00,111.17,111.17,111.17,111.17
2019-10-02T08:00:00+08:00,111.25,111.25,111.25,111.25
2019-10-03T08:00:00+08:00,111.25,111.25,111.25,111.25
2019-10-04T08:00:00+08:00,111.25,111.25,111.25,111.25
2019-10-07T08:00:00+08:00,107.68,107.68,107.68,107.68
2019-10-09T08:00:00+08:00,111.79,111.79,111.79,111.79
2019-10-10T08:00:00+08:00,116.61,116.61,116.61,116.61
2019-10-11T08:00:00+08:00,115.83,115.83,115.83,115.83
2019-10-14T08:00:00+08:00,112.61,112.61,112.61,112.61
2019-10-15T08:00:00+08:00,114.16,114.16,114.16,114.16
2019-10-16T08:00:00+08:00,111.64,111.64,111.64,111.64
2019-10-17T08:00:00+08:00,109.33,109.33,109.33,109.33
2019-10-18T08:00:00+08:00,110.76,110.76,110.76,110.76
2019-10-21T08:00:00+08:00,111.51,111.51,111.51,111.51
2019-10-22T08:00:00+08:00,111.94,111.94,111.94,111.94
2019-10-23T08:00:00+08:00,109.87,109.87,109.87,109.87
2019-10-25T08:00:00+08:00,102.75,102.75,102.75,102.75
2019-10-28T08:00:00+08:00,126.65,126.65,126.65,126.65
2019-10-29T08:00:00+08:00,123.71,123.71,123.71,123.71
2019-10-30T08:00:00+08:00,126.53,126.53,126.53,126.53
2019-10-31T08:00:00+08:00,123.65,123.65,123.65,123.65
2019-11-01T08:00:00+08:00,123.45,123.45,123.45,123.45
2019-11-04T08:00:00+08:00,123.89,123.89,123.89,123.89
2019-11-05T08:00:00+08:00,126.46,126.46,126.46,126.46
2019-11-06T08:00:00+08:00,126.34,126.34,126.34,126.34
2019-11-07T08:00:00+08:00,126.34,126.34,126.34,126.34
2019-11-08T08:00:00+08:00,125.33,125.33,125.33,125.33
2019-11-13T08:00:00+08:00,120.47,120.47,120.47,120.47
2019-11-14T08:00:00+08:00,120.59,120.59,120.59,120.59
2019-11-15T08:00:00+08:00,119.29,119.29,119.29,119.29
2019-11-21T08:00:00+08:00,109.77,109.77,109.77,109.77
2019-11-25T08:00:00+08:00,95.28,95.28,95.28,95.28
2019-11-26T08:00:00+08:00,96.58,96.58,96.58,96.58
2019-11-27T08:00:00+08:00,97.93,97.93,97.93,97.93
2019-11-29T08:00:00+08:00,100.78,100.78,100.78,100.78
2019-12-02T08:00:00+08:00,100.39,100.39,100.39,100.39
2019-12-03T08:00:00+08:00,98.82,98.82,98.82,98.82
2019-12-10T08:00:00+08:00,99.65,99.65,99.65,99.65
2019-12-12T08:00:00+08:00,98,98,98,98
2019-12-13T08:00:00+08:00,97.58,97.58,97.58,97.58
2019-12-17T08:00:00+08:00,92.78,92.78,92.78,92.78
2019-12-18T08:00:00+08:00,87.75,87.75,87.75,87.75
2019-12-20T08:00:00+08:00,94.48,94.48,94.48,94.48
2019-12-23T08:00:00+08:00,98.18,98.18,98.18,98.18
2019-12-24T08:00:00+08:00,95.98,95.98,95.98,95.98
2019-12-26T08:00:00+08:00,94.89,94.89,94.89,94.89
2019-12-27T08:00:00+08:00,94.59,94.59,94.59,94.59
2019-12-30T08:00:00+08:00,97.69,97.69,97.69,97.69
2019-12-31T08:00:00+08:00,96.05,96.05,96.05,96.05
2020-01-02T08:00:00+08:00,94.9,94.9,94.9,94.9
2020-01-03T08:00:00+08:00,92.07,92.07,92.07,92.07
2020-01-06T08:00:00+08:00,97.85,97.85,97.85,97.85
2020-01-07T08:00:00+08:00,103.07,103.07,103.07,103.07
2020-01-08T08:00:00+08:00,106.52,106.52,106.52,106.52
2020-01-10T08:00:00+08:00,103.07,103.07,103.07,103.07
2020-01-13T08:00:00+08:00,108.2,108.2,108.2,108.2
2020-01-14T08:00:00+08:00,107.49,107.49,107.49,107.49
2020-01-15T08:00:00+08:00,120.34,120.34,120.34,120.34
2020-01-16T08:00:00+08:00,119.69,119.69,119.69,119.69
2020-01-17T08:00:00+08:00,118.52,118.52,118.52,118.52
2020-01-20T08:00:00+08:00,118.18,118.18,118.18,118.18
2020-01-21T08:00:00+08:00,118.11,118.11,118.11,118.11
2020-01-22T08:00:00+08:00,119.57,119.57,119.57,119.57
2020-01-23T08:00:00+08:00,118.85,118.85,118.85,118.85
2020-01-24T08:00:00+08:00,114.4,114.4,114.4,114.4
2020-01-27T08:00:00+08:00,117.33,117.33,117.33,117.33
2020-01-28T08:00:00+08:00,121.4,121.4,121.4,121.4
2020-01-29T08:00:00+08:00,126.73,126.73,126.73,126.73
2020-01-30T08:00:00+08:00,126.27,126.27,126.27,126.27
2020-01-31T08:00:00+08:00,129.8,129.8,129.8,129.8
2020-02-03T08:00:00+08:00,128.53,128.53,128.53,128.53
2020-02-04T08:00:00+08:00,128.43,128.43,128.43,128.43
2020-02-05T08:00:00+08:00,127.57,127.57,127.57,127.57
2020-02-06T08:00:00+08:00,134.46,134.46,134.46,134.46
2020-02-07T08:00:00+08:00,136.52,136.52,136.52,136.52
2020-02-10T08:00:00+08:00,143.15,143.15,143.15,143.15
2020-02-11T08:00:00+08:00,140.27,140.27,140.27,140.27
2020-02-12T08:00:00+08:00,145.5,145.5,145.5,145.5
2020-02-13T08:00:00+08:00,150,150,150,150
2020-02-14T08:00:00+08:00,149.18,149.18,149.18,149.18
2020-02-17T08:00:00+08:00,142.52,142.52,142.52,142.52
2020-02-18T08:00:00+08:00,140.11,140.11,140.11,140.11
2020-02-19T08:00:00+08:00,146.48,146.48,146.48,146.48
2020-02-20T08:00:00+08:00,137.98,137.98,137.98,137.98
2020-02-21T08:00:00+08:00,137.29,137.29,137.29,137.29
2020-02-24T08:00:00+08:00,142.76,142.76,142.76,142.76
2020-02-26T08:00:00+08:00,132.1,132.1,132.1,132.1
2020-02-27T08:00:00+08:00,122.99,122.99,122.99,122.99
2020-02-28T08:00:00+08:00,123.29,123.29,123.29,123.29
2020-03-02T08:00:00+08:00,120.03,120.03,120.03,120.03
2020-03-03T08:00:00+08:00,125.11,125.11,125.11,125.11
2020-03-04T08:00:00+08:00,123.75,123.75,123.75,123.75
2020-03-05T08:00:00+08:00,123.34,123.34,123.34,123.34
2020-03-06T08:00:00+08:00,127.56,127.56,127.56,127.56
2020-03-09T08:00:00+08:00,112.27,112.27,112.27,112.27
2020-03-10T08:00:00+08:00,110.41,110.41,110.41,110.41
2020-03-11T08:00:00+08:00,110.45,110.45,110.45,110.45
2020-03-12T08:00:00+08:00,109.48,109.48,109.48,109.48
2020-03-13T08:00:00+08:00,67.92,67.92,67.92,67.92
2020-03-16T08:00:00+08:00,74.4,74.4,74.4,74.4
2020-03-18T08:00:00+08:00,71.29,71.29,71.29,71.29
2020-03-19T08:00:00+08:00,71.62,71.62,71.62,71.62
2020-03-20T08:00:00+08:00,84.72,84.72,84.72,84.72
2020-03-23T08:00:00+08:00,79.09,79.09,79.09,79.09
2020-03-24T08:00:00+08:00,86.49,86.49,86.49,86.49
2020-03-25T08:00:00+08:00,90.31,90.31,90.31,90.31
2020-03-26T08:00:00+08:00,89.39,89.39,89.39,89.39
2020-03-27T08:00:00+08:00,90.53,90.53,90.53,90.53
2020-03-30T08:00:00+08:00,80.61,80.61,80.61,80.61
2020-03-31T08:00:00+08:00,86.96,86.96,86.96,86.96
2020-04-01T08:00:00+08:00,87.22,87.22,87.22,87.22
2020-04-02T08:00:00+08:00,89.1,89.1,89.1,89.1
2020-04-03T08:00:00+08:00,91.61,91.61,91.61,91.61
2020-04-06T08:00:00+08:00,91.91,91.91,91.91,91.91
2020-04-07T08:00:00+08:00,99.75,99.75,99.75,99.75
2020-04-09T08:00:00+08:00,101.44,101.44,101.44,101.44
2020-04-10T08:00:00+08:00,101.03,101.03,101.03,101.03
2020-04-13T08:00:00+08:00,96,96,96,96
2020-04-14T08:00:00+08:00,94.12,94.12,94.12,94.12
2020-04-15T08:00:00+08:00,94.11,94.11,94.11,94.11
2020-04-16T08:00:00+08:00,91.36,91.36,91.36,91.36
2020-04-17T08:00:00+08:00,98.34,98.34,98.34,98.34
2020-04-20T08:00:00+08:00,99.78,99.78,99.78,99.78
2020-04-21T08:00:00+08:00,95.4,95.4,95.4,95.4
2020-04-22T08:00:00+08:00,95.46,95.46,95.46,95.46
2020-04-23T08:00:00+08:00,98.96,98.96,98.96,98.96
2020-04-24T08:00:00+08:00,102.57,102.57,102.57,102.57
2020-04-27T08:00:00+08:00,106.68,106.68,106.68,106.68
2020-04-28T08:00:00+08:00,107.74,107.74,107.74,107.74
2020-04-29T08:00:00+08:00,108.56,108.56,108.56,108.56
2020-04-30T08:00:00+08:00,120.3,120.3,120.3,120.3
2020-05-01T08:00:00+08:00,117.23,117.23,117.23,117.23
2020-05-06T08:00:00+08:00,120.77,120.77,120.77,120.77
2020-05-07T08:00:00+08:00,122.83,122.83,122.83,122.83
2020-05-11T08:00:00+08:00,115.7,115.7,115.7,115.7
2020-05-12T08:00:00+08:00,113.72,113.72,113.72,113.72
2020-05-13T08:00:00+08:00,116.4,116.4,116.4,116.4
2020-05-14T08:00:00+08:00,121.84,121.84,121.84,121.84
2020-05-18T08:00:00+08:00,126.28,126.28,126.28,126.28
2020-05-19T08:00:00+08:00,127.77,127.77,127.77,127.77
2020-05-20T08:00:00+08:00,127.76,127.76,127.76,127.76
2020-05-21T08:00:00+08:00,125.46,125.46,125.46,125.46
2020-05-22T08:00:00+08:00,119.89,119.89,119.89,119.89
2020-05-25T08:00:00+08:00,117.47,117.47,117.47,117.47
2020-05-26T08:00:00+08:00,119.22,119.22,119.22,119.22
2020-05-27T08:00:00+08:00,118.11,118.11,118.11,118.11
2020-05-28T08:00:00+08:00,122.16,122.16,122.16,122.16
2020-05-29T08:00:00+08:00,126.58,126.58,126.58,126.58
2020-06-01T08:00:00+08:00,127.05,127.05,127.05,127.05
2020-06-03T08:00:00+08:00,128.56,128.56,128.56,128.56
2020-06-04T08:00:00+08:00,130.77,130.77,130.77,130.77
2020-06-05T08:00:00+08:00,132.39,132.39,132.39,132.39
2020-06-08T08:00:00+08:00,132.04,132.04,132.04,132.04
2020-06-09T08:00:00+08:00,132.18,132.18,132.18,132.18
2020-06-10T08:00:00+08:00,132.41,132.41,132.41,132.41
2020-06-11T08:00:00+08:00,133.46,133.46,133.46,133.46
2020-06-15T08:00:00+08:00,126.42,126.42,126.42,126.42
2020-06-16T08:00:00+08:00,126.67,126.67,126.67,126.67
2020-06-17T08:00:00+08:00,126.67,126.67,126.67,126.67
2020-06-18T08:00:00+08:00,127.48,127.48,127.48,127.48
2020-06-19T08:00:00+08:00,126.58,126.58,126.58,126.58
2020-06-22T08:00:00+08:00,125.02,125.02,125.02,125.02
2020-06-23T08:00:00+08:00,129.77,129.77,129.77,129.77
2020-06-24T08:00:00+08:00,129.91,129.91,129.91,129.91
2020-06-25T08:00:00+08:00,125.8,125.8,125.8,125.8
2020-06-26T08:00:00+08:00,125.03,125.03,125.03,125.03
2020-06-29T08:00:00+08:00,122.65,122.65,122.65,122.65
2020-06-30T08:00:00+08:00,123.61,123.61,123.61,123.61
2020-07-01T08:00:00+08:00,122.8,122.8,122.8,122.8
2020-07-03T08:00:00+08:00,123.27,123.27,123.27,123.27
2020-07-06T08:00:00+08:00,122.89,122.89,122.89,122.89
2020-07-07T08:00:00+08:00,128.24,128.24,128.24,128.24
2020-07-08T08:00:00+08:00,127.18,127.18,127.18,127.18
2020-07-09T08:00:00+08:00,130.99,130.99,130.99,130.99
2020-07-10T08:00:00+08:00,128.99,128.99,128.99,128.99
2020-07-13T08:00:00+08:00,129.43,129.43,129.43,129.43
2020-07-14T08:00:00+08:00,128.74,128.74,128.74,128.74
2020-07-15T08:00:00+08:00,129.11,129.11,129.11,129.11
2020-07-16T08:00:00+08:00,128.61,128.61,128.61,128.61
2020-07-20T08:00:00+08:00,128.67,128.67,128.67,128.67
2020-07-21T08:00:00+08:00,127.66,127.66,127.66,127.66
2020-07-22T08:00:00+08:00,130.87,130.87,130.87,130.87
2020-07-23T08:00:00+08:00,133.84,133.84,133.84,133.84
2020-07-24T08:00:00+08:00,135.28,135.28,135.28,135.28
2020-07-27T08:00:00+08:00,140.93,140.93,140.93,140.93
2020-07-28T08:00:00+08:00,151.96,151.96,151.96,151.96
2020-07-29T08:00:00+08:00,152.04,152.04,152.04,152.04
2020-07-30T08:00:00+08:00,153.96,153.96,153.96,153.96
2020-07-31T08:00:00+08:00,155.4,155.4,155.4,155.4
2020-08-03T08:00:00+08:00,158.07,158.07,158.07,158.07
2020-08-04T08:00:00+08:00,162.28,162.28,162.28,162.28
2020-08-05T08:00:00+08:00,162.25,162.25,162.25,162.25
2020-08-06T08:00:00+08:00,168.45,168.45,168.45,168.45
2020-08-07T08:00:00+08:00,168.45,168.45,168.45,168.45
2020-08-10T08:00:00+08:00,168.58,168.58,168.58,168.58
2020-08-11T08:00:00+08:00,171.66,171.66,171.66,171.66
2020-08-12T08:00:00+08:00,164.53,164.53,164.53,164.53
2020-08-13T08:00:00+08:00,168.5,168.5,168.5,168.5
2020-08-14T08:00:00+08:00,173.49,173.49,173.49,173.49
2020-08-17T08:00:00+08:00,176.91,176.91,176.91,176.91
2020-08-18T08:00:00+08:00,180.2,180.2,180.2,180.2
2020-08-19T08:00:00+08:00,176.21,176.21,176.21,176.21
2020-08-20T08:00:00+08:00,171.28,171.28,171.28,171.28
2020-08-24T08:00:00+08:00,169.99,169.99,169.99,169.99
2020-08-25T08:00:00+08:00,172.76,172.76,172.76,172.76
2020-08-26T08:00:00+08:00,165.53,165.53,165.53,165.53
2020-08-27T08:00:00+08:00,167.31,167.31,167.31,167.31
2020-08-28T08:00:00+08:00,164.07,164.07,164.07,164.07
2020-08-31T08:00:00+08:00,173.19,173.19,173.19,173.19
2020-09-01T08:00:00+08:00,172.9529,172.9529,172.9529,172.9529
2020-09-02T08:00:00+08:00,179.393,179.393,179.393,179.393
2020-09-03T08:00:00+08:00,169.5587,169.5587,169.5587,169.5587
2020-09-07T08:00:00+08:00,148.5438,148.5438,148.5438,148.5438
2020-09-08T08:00:00+08:00,149.3349,149.3349,149.3349,149.3349
2020-09-09T08:00:00+08:00,149.3349,149.3349,149.3349,149.3349
2020-09-10T08:00:00+08:00,148.2809,148.2809,148.2809,148.2809
2020-09-11T08:00:00+08:00,151.0098,151.0098,151.0098,151.0098
2020-09-14T08:00:00+08:00,150.5272,150.5272,150.5272,150.5272
2020-09-15T08:00:00+08:00,154.991,154.991,154.991,154.991
2020-09-16T08:00:00+08:00,154.1147,154.1147,154.1147,154.1147
2020-09-17T08:00:00+08:00,155.7874,155.7874,155.7874,155.7874
2020-09-18T08:00:00+08:00,157.2289,157.2289,157.2289,157.2289
2020-09-21T08:00:00+08:00,154.9846,154.9846,154.9846,154.9846
2020-09-22T08:00:00+08:00,146.4715,146.4715,146.4715,146.4715
2020-09-23T08:00:00+08:00,147.9771,147.9771,147.9771,147.9771
2020-09-25T08:00:00+08:00,150.5689,150.5689,150.5689,150.5689
2020-09-28T08:00:00+08:00,152.8699,152.8699,152.8699,152.8699
2020-09-29T08:00:00+08:00,152.0214,152.0214,152.0214,152.0214
2020-09-30T08:00:00+08:00,153.9283,153.9283,153.9283,153.9283
2020-10-01T08:00:00+08:00,153.3682,153.3682,153.3682,153.3682
2020-10-05T08:00:00+08:00,151.0509,151.0509,151.0509,151.0509
2020-10-06T08:00:00+08:00,152.3067,152.3067,152.3067,152.3067
2020-10-08T08:00:00+08:00,149.5978,149.5978,149.5978,149.5978
2020-10-09T08:00:00+08:00,152.9189,152.9189,152.9189,152.9189
2020-10-12T08:00:00+08:00,160.0543,160.0543,160.0543,160.0543
2020-10-13T08:00:00+08:00,162.7126,162.7126,162.7126,162.7126
2020-10-14T08:00:00+08:00,161.0067,161.0067,161.0067,161.0067
2020-10-15T08:00:00+08:00,160.4804,160.4804,160.4804,160.4804
2020-10-16T08:00:00+08:00,160.7632,160.7632,160.7632,160.7632
2020-10-20T08:00:00+08:00,162.314,162.314,162.314,162.314
2020-10-21T08:00:00+08:00,162.1822,162.1822,162.1822,162.1822
2020-10-22T08:00:00+08:00,172.8566,172.8566,172.8566,172.8566
2020-10-23T08:00:00+08:00,176.3436,176.3436,176.3436,176.3436
2020-10-26T08:00:00+08:00,176.972,176.972,176.972,176.972
2020-10-28T08:00:00+08:00,181.9895,181.9895,181.9895,181.9895
2020-10-29T08:00:00+08:00,176.7071,176.7071,176.7071,176.7071
2020-10-30T08:00:00+08:00,177.4732,177.4732,177.4732,177.4732
2020-11-02T08:00:00+08:00,181.3736,181.3736,181.3736,181.3736
2020-11-03T08:00:00+08:00,181.3739,181.3739,181.3739,181.3739
2020-11-04T08:00:00+08:00,181.3804,181.3804,181.3804,181.3804
2020-11-05T08:00:00+08:00,183.2632,183.2632,183.2632,183.2632
2020-11-06T08:00:00+08:00,197.5956,197.5956,197.5956,197.5956
2020-11-09T08:00:00+08:00,200.3504,200.3504,200.3504,200.3504
2020-11-10T08:00:00+08:00,200.3504,200.3504,200.3504,200.3504
2020-11-12T08:00:00+08:00,203.065,203.065,203.065,203.065
2020-11-13T08:00:00+08:00,207.7892,207.7892,207.7892,207.7892
2020-11-16T08:00:00+08:00,204.1891,204.1891,204.1891,204.1891
2020-11-17T08:00:00+08:00,213.6608,213.6608,213.6608,213.6608
2020-11-18T08:00:00+08:00,224.1375,224.1375,224.1375,224.1375
2020-11-19T08:00:00+08:00,225.0224,225.0224,225.0224,225.0224
2020-11-20T08:00:00+08:00,224.6312,224.6312,224.6312,224.6312
2020-11-23T08:00:00+08:00,239.6169,239.6169,239.6169,239.6169
2020-11-24T08:00:00+08:00,249.3299,249.3299,249.3299,249.3299
2020-11-25T08:00:00+08:00,259.8129,259.8129,259.8129,259.8129
2020-11-27T08:00:00+08:00,228.1171,228.1171,228.1171,228.1171
2020-11-30T08:00:00+08:00,244.4678,244.4678,244.4678,244.4678
2020-12-01T08:00:00+08:00,262.1931,262.1931,262.1931,262.1931
2020-12-02T08:00:00+08:00,250.7383,250.7383,250.7383,250.7383
2020-12-03T08:00:00+08:00,255.8992,255.8992,255.8992,255.8992
2020-12-04T08:00:00+08:00,259.6611,259.6611,259.6611,259.6611
2020-12-07T08:00:00+08:00,256.7367,256.7367,256.7367,256.7367
2020-12-08T08:00:00+08:00,254.7798,254.7798,254.7798,254.7798
2020-12-09T08:00:00+08:00,241.6986,241.6986,241.6986,241.6986
2020-12-10T08:00:00+08:00,246.0128,246.0128,246.0128,246.0128
2020-12-11T08:00:00+08:00,241.0819,241.0819,241.0819,241.0819
2020-12-14T08:00:00+08:00,251.213,251.213,251.213,251.213
2020-12-15T08:00:00+08:00,252.1643,252.1643,252.1643,252.1643
2020-12-16T08:00:00+08:00,253.328,253.328,253.328,253.328
2020-12-17T08:00:00+08:00,277.2854,277.2854,277.2854,277.2854
2020-12-21T08:00:00+08:00,297.5611,297.5611,297.5611,297.5611
2020-12-22T08:00:00+08:00,287.0423,287.0423,287.0423,287.0423
2020-12-23T08:00:00+08:00,296.4742,296.4742,296.4742,296.4742
2020-12-24T08:00:00+08:00,280.2652,280.2652,280.2652,280.2652
2020-12-28T08:00:00+08:00,318.0232,318.0232,318.0232,318.0232
2020-12-29T08:00:00+08:00,329.231,329.231,329.231,329.231
2020-12-30T08:00:00+08:00,331.0664,331.0664,331.0664,331.0664
2021-01-01T08:00:00+08:00,346.2059,346.2059,346.2059,346.2059
2021-01-04T08:00:00+08:00,397.3087,397.3087,397.3087,397.3087
2021-01-05T08:00:00+08:00,394.08,394.08,394.08,394.08
2021-01-06T08:00:00+08:00,417.1108,417.1108,417.1108,417.1108
2021-01-07T08:00:00+08:00,454.5207,454.5207,454.5207,454.5207
2021-01-08T08:00:00+08:00,479.0854,479.0854,479.0854,479.0854
2021-01-11T08:00:00+08:00,474.8019,474.8019,474.8019,474.8019
2021-01-12T08:00:00+08:00,432.9698,432.9698,432.9698,432.9698
2021-01-13T08:00:00+08:00,415.1854,415.1854,415.1854,415.1854
2021-01-14T08:00:00+08:00,454.9357,454.9357,454.9357,454.9357
2021-01-19T08:00:00+08:00,459.7379,459.7379,459.7379,459.7379
2021-01-20T08:00:00+08:00,460.6519,460.6519,460.6519,460.6519
2021-01-21T08:00:00+08:00,472.4519,472.4519,472.4519,472.4519
2021-01-25T08:00:00+08:00,440.0298,440.0298,440.0298,440.0298
2021-01-26T08:00:00+08:00,440.0298,440.0298,440.0298,440.0298
2021-01-27T08:00:00+08:00,437.2947,437.2947,437.2947,437.2947
2021-01-28T08:00:00+08:00,406.1358,406.1358,406.1358,406.1358
2021-01-29T08:00:00+08:00,423.4595,423.4595,423.4595,423.4595
2021-02-02T08:00:00+08:00,449.7358,449.7358,449.7358,449.7358
2021-02-03T08:00:00+08:00,479.8277,479.8277,479.8277,479.8277
2021-02-04T08:00:00+08:00,508.2205,508.2205,508.2205,508.2205
2021-02-05T08:00:00+08:00,500.5208,500.5208,500.5208,500.5208
2021-02-08T08:00:00+08:00,528.53,528.53,528.53,528.53
2021-02-09T08:00:00+08:00,528.53,528.53,528.53,528.53
2021-02-10T08:00:00+08:00,621.2534,621.2534,621.2534,621.2534
2021-02-15T08:00:00+08:00,667.9089,667.9089,667.9089,667.9089
2021-02-16T08:00:00+08:00,661.1648,661.1648,661.1648,661.1648
2021-02-17T08:00:00+08:00,671.4657,671.4657,671.4657,671.4657
2021-02-18T08:00:00+08:00,708.4472,708.4472,708.4472,708.4472
2021-02-19T08:00:00+08:00,713.1849,713.1849,713.1849,713.1849
2021-02-22T08:00:00+08:00,713.1849,713.1849,713.1849,713.1849
2021-02-23T08:00:00+08:00,733.1051,733.1051,733.1051,733.1051
2021-02-24T08:00:00+08:00,650.2198,650.2198,650.2198,650.2198
2021-02-25T08:00:00+08:00,669.6802,669.6802,669.6802,669.6802
2021-02-26T08:00:00+08:00,630.2739,630.2739,630.2739,630.2739
2021-03-01T08:00:00+08:00,606.2571,606.2571,606.2571,606.2571
2021-03-02T08:00:00+08:00,667.2878,667.2878,667.2878,667.2878
2021-03-03T08:00:00+08:00,651.663,651.663,651.663,651.663
2021-03-04T08:00:00+08:00,679.9231,679.9231,679.9231,679.9231
2021-03-05T08:00:00+08:00,660.2889,660.2889,660.2889,660.2889
2021-03-08T08:00:00+08:00,695.1315,695.1315,695.1315,695.1315
2021-03-09T08:00:00+08:00,718.1689,718.1689,718.1689,718.1689
2021-03-10T08:00:00+08:00,753.3166,753.3166,753.3166,753.3166
2021-03-11T08:00:00+08:00,753.079,753.079,753.079,753.079
2021-03-15T08:00:00+08:00,794.8667,794.8667,794.8667,794.8667
2021-03-16T08:00:00+08:00,757.9152,757.9152,757.9152,757.9152
2021-03-18T08:00:00+08:00,799.1957,799.1957,799.1957,799.1957
2021-03-19T08:00:00+08:00,784.2829,784.2829,784.2829,784.2829
2021-03-22T08:00:00+08:00,788.775,788.775,788.775,788.775
2021-03-24T08:00:00+08:00,752.2184,752.2184,752.2184,752.2184
2021-03-25T08:00:00+08:00,721.1698,721.1698,721.1698,721.1698
2021-03-26T08:00:00+08:00,709.4125,709.4125,709.4125,709.4125
2021-03-29T08:00:00+08:00,773.6789,773.6789,773.6789,773.6789
2021-03-30T08:00:00+08:00,803.9551,803.9551,803.9551,803.9551
2021-03-31T08:00:00+08:00,825.383,825.383,825.383,825.383
2021-04-01T08:00:00+08:00,825.383,825.383,825.383,825.383
2021-04-02T08:00:00+08:00,831.8717,831.8717,831.8717,831.8717
2021-04-06T08:00:00+08:00,865.8428,865.8428,865.8428,865.8428
2021-04-07T08:00:00+08:00,868.7854,868.7854,868.7854,868.7854
2021-04-08T08:00:00+08:00,868.7854,868.7854,868.7854,868.7854
2021-04-12T08:00:00+08:00,905.0347,905.0347,905.0347,905.0347
2021-04-13T08:00:00+08:00,905.0347,905.0347,905.0347,905.0347
2021-04-14T08:00:00+08:00,959.6111,959.6111,959.6111,959.6111
2021-04-15T08:00:00+08:00,968.857,968.857,968.857,968.857
2021-04-16T08:00:00+08:00,985.2523,985.2523,985.2523,985.2523
2021-04-19T08:00:00+08:00,892.4049,892.4049,892.4049,892.4049
2021-04-20T08:00:00+08:00,878.109,878.109,878.109,878.109
2021-04-21T08:00:00+08:00,900.427,900.427,900.427,900.427
2021-04-22T08:00:00+08:00,866.3577,866.3577,866.3577,866.3577
2021-04-23T08:00:00+08:00,828.4707,828.4707,828.4707,828.4707
2021-04-26T08:00:00+08:00,784.3148,784.3148,784.3148,784.3148
2021-04-27T08:00:00+08:00,784.3148,784.3148,784.3148,784.3148
2021-04-29T08:00:00+08:00,904.5504,904.5504,904.5504,904.5504
2021-04-30T08:00:00+08:00,898.643,898.643,898.643,898.643
2021-05-03T08:00:00+08:00,898.643,898.643,898.643,898.643
2021-05-04T08:00:00+08:00,1002.2385,1002.2385,1002.2385,1002.2385
2021-05-06T08:00:00+08:00,1035.8021,1035.8021,1035.8021,1035.8021
2021-05-11T08:00:00+08:00,1069.531,1069.531,1069.531,1069.531
2021-05-12T08:00:00+08:00,1065.9674,1065.9674,1065.9674,1065.9674
2021-05-13T08:00:00+08:00,927.0585,927.0585,927.0585,927.0585
2021-05-14T08:00:00+08:00,927.0585,927.0585,927.0585,927.0585
2021-05-17T08:00:00+08:00,917.2096,917.2096,917.2096,917.2096
2021-05-18T08:00:00+08:00,854.5959,854.5959,854.5959,854.5959
2021-05-19T08:00:00+08:00,854.5959,854.5959,854.5959,854.5959
2021-05-20T08:00:00+08:00,665.2522,665.2522,665.2522,665.2522
2021-05-21T08:00:00+08:00,749.5943,749.5943,749.5943,749.5943
2021-05-24T08:00:00+08:00,590.9637,590.9637,590.9637,590.9637
2021-05-25T08:00:00+08:00,691.6987,691.6987,691.6987,691.6987
2021-05-26T08:00:00+08:00,693.3907,693.3907,693.3907,693.3907
2021-05-31T08:00:00+08:00,642.7936,642.7936,642.7936,642.7936
2021-06-01T08:00:00+08:00,691.2472,691.2472,691.2472,691.2472
2021-06-02T08:00:00+08:00,681.7175,681.7175,681.7175,681.7175
2021-06-03T08:00:00+08:00,704.3037,704.3037,704.3037,704.3037
2021-06-04T08:00:00+08:00,704.3037,704.3037,704.3037,704.3037
2021-06-07T08:00:00+08:00,680.3747,680.3747,680.3747,680.3747
2021-06-08T08:00:00+08:00,635.4864,635.4864,635.4864,635.4864
2021-06-14T08:00:00+08:00,688.5466,688.5466,688.5466,688.5466
2021-06-16T08:00:00+08:00,703.1781,703.1781,703.1781,703.1781
2021-06-17T08:00:00+08:00,668.2111,668.2111,668.2111,668.2111
2021-06-18T08:00:00+08:00,668.9767,668.9767,668.9767,668.9767
2021-06-21T08:00:00+08:00,668.9767,668.9767,668.9767,668.9767
2021-06-22T08:00:00+08:00,534.9263,534.9263,534.9263,534.9263
2021-06-23T08:00:00+08:00,538.1281,538.1281,538.1281,538.1281
2021-06-28T08:00:00+08:00,579.1677,579.1677,579.1677,579.1677
2021-06-29T08:00:00+08:00,584.7411,584.7411,584.7411,584.7411
2021-06-30T08:00:00+08:00,609.6281,609.6281,609.6281,609.6281
2021-07-01T08:00:00+08:00,609.3844,609.3844,609.3844,609.3844
2021-07-02T08:00:00+08:00,609.3844,609.3844,609.3844,609.3844
2021-07-05T08:00:00+08:00,614.984,614.984,614.984,614.984
2021-07-06T08:00:00+08:00,588.3985,588.3985,588.3985,588.3985
2021-07-07T08:00:00+08:00,603.5116,603.5116,603.5116,603.5116
2021-07-09T08:00:00+08:00,572.0032,572.0032,572.0032,572.0032
2021-07-12T08:00:00+08:00,589.7187,589.7187,589.7187,589.7187
2021-07-13T08:00:00+08:00,570.7359,570.7359,570.7359,570.7359
2021-07-16T08:00:00+08:00,560.7172,560.7172,560.7172,560.7172
2021-07-19T08:00:00+08:00,560.7172,560.7172,560.7172,560.7172
2021-07-20T08:00:00+08:00,532.5647,532.5647,532.5647,532.5647
2021-07-21T08:00:00+08:00,511.0528,511.0528,511.0528,511.0528
2021-07-26T08:00:00+08:00,607.8203,607.8203,607.8203,607.8203
2021-07-27T08:00:00+08:00,626.319,626.319,626.319,626.319
2021-07-28T08:00:00+08:00,626.319,626.319,626.319,626.319
2021-07-30T08:00:00+08:00,669.7454,669.7454,669.7454,669.7454
2021-08-02T08:00:00+08:00,680.8375,680.8375,680.8375,680.8375
2021-08-03T08:00:00+08:00,677.4101,677.4101,677.4101,677.4101
2021-08-04T08:00:00+08:00,663.8635,663.8635,663.8635,663.8635
2021-08-09T08:00:00+08:00,754.2779,754.2779,754.2779,754.2779
2021-08-10T08:00:00+08:00,794.1199,794.1199,794.1199,794.1199
2021-08-12T08:00:00+08:00,804.5647,804.5647,804.5647,804.5647
2021-08-13T08:00:00+08:00,784.8214,784.8214,784.8214,784.8214
2021-08-16T08:00:00+08:00,857.6137,857.6137,857.6137,857.6137
2021-08-17T08:00:00+08:00,833.1613,833.1613,833.1613,833.1613
2021-08-18T08:00:00+08:00,803.7938,803.7938,803.7938,803.7938
2021-08-23T08:00:00+08:00,886.8973,886.8973,886.8973,886.8973
2021-08-24T08:00:00+08:00,903.5331,903.5331,903.5331,903.5331
2021-08-25T08:00:00+08:00,862.317,862.317,862.317,862.317
2021-08-30T08:00:00+08:00,862.317,862.317,862.317,862.317
2021-08-31T08:00:00+08:00,862.317,862.317,862.317,862.317
2021-09-03T08:00:00+08:00,944.668,944.668,944.668,944.668
2021-09-13T08:00:00+08:00,913.515,913.515,913.515,913.515
2021-09-16T08:00:00+08:00,914.1506,914.1506,914.1506,914.1506
2021-09-17T08:00:00+08:00,920.7447,920.7447,920.7447,920.7447
2021-09-21T08:00:00+08:00,814.6159,814.6159,814.6159,814.6159
2021-09-27T08:00:00+08:00,866.4345,866.4345,866.4345,866.4345
2021-09-30T08:00:00+08:00,786.1878,786.1878,786.1878,786.1878
2021-10-04T08:00:00+08:00,907.8152,907.8152,907.8152,907.8152
2021-10-08T08:00:00+08:00,967.5353,967.5353,967.5353,967.5353
2021-10-12T08:00:00+08:00,994.475,994.475,994.475,994.475
2021-10-18T08:00:00+08:00,1031.4129,1031.4129,1031.4129,1031.4129
2021-10-22T08:00:00+08:00,1052.0516,1052.0516,1052.0516,1052.0516
2021-10-25T08:00:00+08:00,1055.5689,1055.5689,1055.5689,1055.5689
2021-11-01T08:00:00+08:00,1062.7243,1062.7243,1062.7243,1062.7243
2021-11-02T08:00:00+08:00,1062.7243,1062.7243,1062.7243,1062.7243
2021-11-08T08:00:00+08:00,1082.1041,1082.1041,1082.1041,1082.1041
2021-11-09T08:00:00+08:00,1107.9626,1107.9626,1107.9626,1107.9626
2021-11-11T08:00:00+08:00,1164.7732,1164.7732,1164.7732,1164.7732
2021-11-12T08:00:00+08:00,1164.7732,1164.7732,1164.7732,1164.7732
2021-11-16T08:00:00+08:00,1164.7732,1164.7732,1164.7732,1164.7732
2021-11-18T08:00:00+08:00,1044.3172,1044.3172,1044.3172,1044.3172
2021-11-25T08:00:00+08:00,1044.3172,1044.3172,1044.3172,1044.3172
2021-11-29T08:00:00+08:00,1092.7878,1092.7878,1092.7878,1092.7878
2021-12-01T08:00:00+08:00,1086.4996,1086.4996,1086.4996,1086.4996
2021-12-03T08:00:00+08:00,1080.7172,1080.7172,1080.7172,1080.7172
2021-12-07T08:00:00+08:00,930.7691,930.7691,930.7691,930.7691
2021-12-13T08:00:00+08:00,911.1613,911.1613,911.1613,911.1613
2021-12-14T08:00:00+08:00,937.492,937.492,937.492,937.492
2021-12-15T08:00:00+08:00,865.3081,865.3081,865.3081,865.3081
2021-12-16T08:00:00+08:00,865.3081,865.3081,865.3081,865.3081
2021-12-17T08:00:00+08:00,919.0529,919.0529,919.0529,919.0529
2021-12-21T08:00:00+08:00,903.3153,903.3153,903.3153,903.3153
2021-12-22T08:00:00+08:00,909.9601,909.9601,909.9601,909.9601
2021-12-23T08:00:00+08:00,945.6155,945.6155,945.6155,945.6155
2021-12-27T08:00:00+08:00,983.4552,983.4552,983.4552,983.4552
2021-12-28T08:00:00+08:00,978.277,978.277,978.277,978.277
2021-12-31T08:00:00+08:00,897.8831,897.8831,897.8831,897.8831
2022-01-03T08:00:00+08:00,908.9836,908.9836,908.9836,908.9836
2022-01-06T08:00:00+08:00,893.9303,893.9303,893.9303,893.9303
2022-01-07T08:00:00+08:00,837.7328,837.7328,837.7328,837.7328
2022-01-10T08:00:00+08:00,828.9637,828.9637,828.9637,828.9637
2022-01-11T08:00:00+08:00,796.7862,796.7862,796.7862,796.7862
2022-01-12T08:00:00+08:00,784.0095,784.0095,784.0095,784.0095
2022-01-14T08:00:00+08:00,784.0095,784.0095,784.0095,784.0095
2022-01-20T08:00:00+08:00,797.3513,797.3513,797.3513,797.3513
2022-01-21T08:00:00+08:00,785.4425,785.4425,785.4425,785.4425
2022-01-24T08:00:00+08:00,766.4924,766.4924,766.4924,766.4924
2022-01-27T08:00:00+08:00,669.7089,669.7089,669.7089,669.7089
2022-01-28T08:00:00+08:00,667.7441,667.7441,667.7441,667.7441
2022-01-31T08:00:00+08:00,663.8166,663.8166,663.8166,663.8166
2022-02-01T08:00:00+08:00,663.8166,663.8166,663.8166,663.8166
2022-02-02T08:00:00+08:00,663.817,663.817,663.817,663.817
2022-02-08T08:00:00+08:00,774.4234,774.4234,774.4234,774.4234
2022-02-14T08:00:00+08:00,788.1799,788.1799,788.1799,788.1799
2022-02-15T08:00:00+08:00,756.3396,756.3396,756.3396,756.3396
2022-02-16T08:00:00+08:00,798.6957,798.6957,798.6957,798.6957
2022-02-17T08:00:00+08:00,787.3244,787.3244,787.3244,787.3244
2022-02-18T08:00:00+08:00,728.6216,728.6216,728.6216,728.6216
2022-02-21T08:00:00+08:00,683.0461,683.0461,683.0461,683.0461
2022-02-22T08:00:00+08:00,657.6656,657.6656,657.6656,657.6656
2022-02-24T08:00:00+08:00,662.8678,662.8678,662.8678,662.8678
2022-02-25T08:00:00+08:00,668.4273,668.4273,668.4273,668.4273
2022-03-01T08:00:00+08:00,750.5919,750.5919,750.5919,750.5919
2022-03-02T08:00:00+08:00,765.075,765.075,765.075,765.075
2022-03-03T08:00:00+08:00,756.4586,756.4586,756.4586,756.4586
2022-03-04T08:00:00+08:00,733.1104,733.1104,733.1104,733.1104
2022-03-07T08:00:00+08:00,667.6537,667.6537,667.6537,667.6537
2022-03-08T08:00:00+08:00,658.8487,658.8487,658.8487,658.8487
2022-03-09T08:00:00+08:00,671.5458,671.5458,671.5458,671.5458
2022-03-10T08:00:00+08:00,722.2521,722.2521,722.2521,722.2521
2022-03-11T08:00:00+08:00,687.9183,687.9183,687.9183,687.9183
2022-03-14T08:00:00+08:00,661.3974,661.3974,661.3974,661.3974
2022-03-16T08:00:00+08:00,681.9612,681.9612,681.9612,681.9612
2022-03-17T08:00:00+08:00,712.9387,712.9387,712.9387,712.9387
2022-03-18T08:00:00+08:00,713.4096,713.4096,713.4096,713.4096
2022-03-21T08:00:00+08:00,724.4316,724.4316,724.4316,724.4316
2022-03-22T08:00:00+08:00,727.7044,727.7044,727.7044,727.7044
2022-03-23T08:00:00+08:00,746.3953,746.3953,746.3953,746.3953
2022-03-24T08:00:00+08:00,759.4447,759.4447,759.4447,759.4447
2022-03-25T08:00:00+08:00,778.8638,778.8638,778.8638,778.8638
2022-03-28T08:00:00+08:00,825.1794,825.1794,825.1794,825.1794
2022-03-30T08:00:00+08:00,842.1078,842.1078,842.1078,842.1078
2022-03-31T08:00:00+08:00,841.7542,841.7542,841.7542,841.7542
2022-04-01T08:00:00+08:00,815.3124,815.3124,815.3124,815.3124
2022-04-04T08:00:00+08:00,846.7703,846.7703,846.7703,846.7703
2022-04-05T08:00:00+08:00,846.4324,846.4324,846.4324,846.4324
2022-04-06T08:00:00+08:00,827.5251,827.5251,827.5251,827.5251
2022-04-07T08:00:00+08:00,773.9754,773.9754,773.9754,773.9754
2022-04-08T08:00:00+08:00,785.8311,785.8311,785.8311,785.8311
2022-04-11T08:00:00+08:00,765.2778,765.2778,765.2778,765.2778
2022-04-12T08:00:00+08:00,711.4201,711.4201,711.4201,711.4201
2022-04-13T08:00:00+08:00,726.2547,726.2547,726.2547,726.2547
2022-04-14T08:00:00+08:00,744.948,744.948,744.948,744.948
2022-04-15T08:00:00+08:00,724.8274,724.8274,724.8274,724.8274
2022-04-18T08:00:00+08:00,719.5247,719.5247,719.5247,719.5247
2022-04-19T08:00:00+08:00,736.0847,736.0847,736.0847,736.0847
2022-04-20T08:00:00+08:00,748.6038,748.6038,748.6038,748.6038
2022-04-21T08:00:00+08:00,744.9989,744.9989,744.9989,744.9989
2022-04-22T08:00:00+08:00,727.8693,727.8693,727.8693,727.8693
2022-04-25T08:00:00+08:00,709.7821,709.7821,709.7821,709.7821
2022-04-26T08:00:00+08:00,726.0462,726.0462,726.0462,726.0462
2022-04-27T08:00:00+08:00,682.7115,682.7115,682.7115,682.7115
2022-04-28T08:00:00+08:00,702.6562,702.6562,702.6562,702.6562
2022-04-29T08:00:00+08:00,714.0829,714.0829,714.0829,714.0829
2022-05-02T08:00:00+08:00,686.9088,686.9088,686.9088,686.9088
2022-05-03T08:00:00+08:00,691.1275,691.1275,691.1275,691.1275
2022-05-04T08:00:00+08:00,678.7201,678.7201,678.7201,678.7201
2022-05-05T08:00:00+08:00,718.9482,718.9482,718.9482,718.9482
2022-05-06T08:00:00+08:00,664.9897,664.9897,664.9897,664.9897
2022-05-09T08:00:00+08:00,619.214,619.214,619.214,619.214
2022-05-10T08:00:00+08:00,543.9367,543.9367,543.9367,543.9367
2022-05-11T08:00:00+08:00,558.9755,558.9755,558.9755,558.9755
2022-05-12T08:00:00+08:00,497.1325,497.1325,497.1325,497.1325
2022-05-13T08:00:00+08:00,486.6641,486.6641,486.6641,486.6641
2022-05-16T08:00:00+08:00,534.8786,534.8786,534.8786,534.8786
2022-05-17T08:00:00+08:00,504.8429,504.8429,504.8429,504.8429
2022-05-18T08:00:00+08:00,518.1235,518.1235,518.1235,518.1235
2022-05-19T08:00:00+08:00,484.0104,484.0104,484.0104,484.0104
2022-05-23T08:00:00+08:00,510.1863,510.1863,510.1863,510.1863
2022-05-24T08:00:00+08:00,489.7541,489.7541,489.7541,489.7541
2022-05-25T08:00:00+08:00,497.2216,497.2216,497.2216,497.2216
2022-05-26T08:00:00+08:00,493.1227,493.1227,493.1227,493.1227
2022-05-27T08:00:00+08:00,475.3755,475.3755,475.3755,475.3755
2022-05-30T08:00:00+08:00,479.8202,479.8202,479.8202,479.8202
2022-05-31T08:00:00+08:00,519.9646,519.9646,519.9646,519.9646
2022-06-01T08:00:00+08:00,517.6041,517.6041,517.6041,517.6041
2022-06-02T08:00:00+08:00,484.3139,484.3139,484.3139,484.3139
2022-06-03T08:00:00+08:00,493.8632,493.8632,493.8632,493.8632
2022-06-06T08:00:00+08:00,483.2292,483.2292,483.2292,483.2292
2022-06-07T08:00:00+08:00,501.8306,501.8306,501.8306,501.8306
2022-06-08T08:00:00+08:00,497.1569,497.1569,497.1569,497.1569
2022-06-09T08:00:00+08:00,486.0805,486.0805,486.0805,486.0805
2022-06-10T08:00:00+08:00,484.428,484.428,484.428,484.428
2022-06-13T08:00:00+08:00,420.4774,420.4774,420.4774,420.4774
2022-06-14T08:00:00+08:00,359.6146,359.6146,359.6146,359.6146
2022-06-16T08:00:00+08:00,368.3731,368.3731,368.3731,368.3731
2022-06-17T08:00:00+08:00,331.7475,331.7475,331.7475,331.7475
2022-06-20T08:00:00+08:00,339.7674,339.7674,339.7674,339.7674
2022-06-22T08:00:00+08:00,344.3848,344.3848,344.3848,344.3848
2022-06-24T08:00:00+08:00,351.2933,351.2933,351.2933,351.2933
2022-06-27T08:00:00+08:00,355.887,355.887,355.887,355.887
2022-06-28T08:00:00+08:00,352.19,352.19,352.19,352.19
2022-06-29T08:00:00+08:00,341.4734,341.4734,341.4734,341.4734
2022-06-30T08:00:00+08:00,336.6652,336.6652,336.6652,336.6652
2022-07-01T08:00:00+08:00,330.8211,330.8211,330.8211,330.8211
2022-07-04T08:00:00+08:00,326.4781,326.4781,326.4781,326.4781
2022-07-05T08:00:00+08:00,342.345,342.345,342.345,342.345
2022-07-06T08:00:00+08:00,339.4587,339.4587,339.4587,339.4587
2022-07-07T08:00:00+08:00,347.5563,347.5563,347.5563,347.5563
2022-07-08T08:00:00+08:00,362.7124,362.7124,362.7124,362.7124
2022-07-11T08:00:00+08:00,350.9306,350.9306,350.9306,350.9306
2022-07-12T08:00:00+08:00,334.3341,334.3341,334.3341,334.3341
2022-07-13T08:00:00+08:00,322.9979,322.9979,322.9979,322.9979
2022-07-14T08:00:00+08:00,338.0378,338.0378,338.0378,338.0378
2022-07-15T08:00:00+08:00,347.3847,347.3847,347.3847,347.3847
2022-07-18T08:00:00+08:00,359.7605,359.7605,359.7605,359.7605
2022-07-19T08:00:00+08:00,394.042,394.042,394.042,394.042
2022-07-20T08:00:00+08:00,402.4598,402.4598,402.4598,402.4598
2022-07-21T08:00:00+08:00,395.9892,395.9892,395.9892,395.9892
2022-07-22T08:00:00+08:00,400.1841,400.1841,400.1841,400.1841
2022-07-25T08:00:00+08:00,396.0295,396.0295,396.0295,396.0295
2022-07-26T08:00:00+08:00,371.2573,371.2573,371.2573,371.2573
2022-07-27T08:00:00+08:00,370.3154,370.3154,370.3154,370.3154
2022-07-28T08:00:00+08:00,402.481,402.481,402.481,402.481
2022-07-29T08:00:00+08:00,402.481,402.481,402.481,402.481
2022-08-01T08:00:00+08:00,402.481,402.481,402.481,402.481
2022-08-02T08:00:00+08:00,409.9251,409.9251,409.9251,409.9251
2022-08-03T08:00:00+08:00,404.7228,404.7228,404.7228,404.7228
2022-08-04T08:00:00+08:00,404.1465,404.1465,404.1465,404.1465
2022-08-05T08:00:00+08:00,403.0301,403.0301,403.0301,403.0301
2022-08-08T08:00:00+08:00,416.799,416.799,416.799,416.799
2022-08-09T08:00:00+08:00,427.9659,427.9659,427.9659,427.9659
2022-08-10T08:00:00+08:00,416.463,416.463,416.463,416.463
2022-08-11T08:00:00+08:00,434.999,434.999,434.999,434.999
2022-08-12T08:00:00+08:00,436.4325,436.4325,436.4325,436.4325
2022-08-15T08:00:00+08:00,445.2156,445.2156,445.2156,445.2156
2022-08-16T08:00:00+08:00,440.2811,440.2811,440.2811,440.2811
2022-08-17T08:00:00+08:00,435.92,435.92,435.92,435.92
2022-08-18T08:00:00+08:00,426.1694,426.1694,426.1694,426.1694
2022-08-19T08:00:00+08:00,422.4686,422.4686,422.4686,422.4686
2022-08-22T08:00:00+08:00,422.4686,422.4686,422.4686,422.4686
2022-08-23T08:00:00+08:00,388.6823,388.6823,388.6823,388.6823
2022-08-24T08:00:00+08:00,393.2426,393.2426,393.2426,393.2426
2022-08-25T08:00:00+08:00,391.2531,391.2531,391.2531,391.2531
2022-08-26T08:00:00+08:00,396.2537,396.2537,396.2537,396.2537
2022-08-29T08:00:00+08:00,354.3046,354.3046,354.3046,354.3046
2022-08-30T08:00:00+08:00,370.6388,370.6388,370.6388,370.6388
2022-08-31T08:00:00+08:00,362.9883,362.9883,362.9883,362.9883
2022-09-01T08:00:00+08:00,366.7827,366.7827,366.7827,366.7827
2022-09-02T08:00:00+08:00,369.7496,369.7496,369.7496,369.7496
2022-09-05T08:00:00+08:00,369.6499,369.6499,369.6499,369.6499
2022-09-06T08:00:00+08:00,370.23,370.23,370.23,370.23
2022-09-07T08:00:00+08:00,353.7856,353.7856,353.7856,353.7856
2022-09-08T08:00:00+08:00,364.7851,364.7851,364.7851,364.7851
2022-09-09T08:00:00+08:00,366.1524,366.1524,366.1524,366.1524
2022-09-12T08:00:00+08:00,400.0031,400.0031,400.0031,400.0031
2022-09-13T08:00:00+08:00,402.0361,402.0361,402.0361,402.0361
2022-09-14T08:00:00+08:00,371.0248,371.0248,371.0248,371.0248
2022-09-15T08:00:00+08:00,374.0119,374.0119,374.0119,374.0119
2022-09-16T08:00:00+08:00,357.5388,357.5388,357.5388,357.5388
2022-09-19T08:00:00+08:00,345.5568,345.5568,345.5568,345.5568
2022-09-20T08:00:00+08:00,350.5127,350.5127,350.5127,350.5127
2022-09-21T08:00:00+08:00,350.5127,350.5127,350.5127,350.5127
2022-09-22T08:00:00+08:00,332.3684,332.3684,332.3684,332.3684
2022-09-23T08:00:00+08:00,349.06,349.06,349.06,349.06
2022-09-26T08:00:00+08:00,341.15,341.15,341.15,341.15
2022-09-27T08:00:00+08:00,347.0631,347.0631,347.0631,347.0631
2022-09-28T08:00:00+08:00,344.8547,344.8547,344.8547,344.8547
2022-09-29T08:00:00+08:00,348.7237,348.7237,348.7237,348.7237
2022-09-30T08:00:00+08:00,351.1699,351.1699,351.1699,351.1699
2022-10-03T08:00:00+08:00,340.8113,340.8113,340.8113,340.8113
2022-10-04T08:00:00+08:00,350.2721,350.2721,350.2721,350.2721
2022-10-05T08:00:00+08:00,361.041,361.041,361.041,361.041
2022-10-06T08:00:00+08:00,358.4724,358.4724,358.4724,358.4724
2022-10-07T08:00:00+08:00,355.8186,355.8186,355.8186,355.8186
2022-10-10T08:00:00+08:00,349.8568,349.8568,349.8568,349.8568
2022-10-11T08:00:00+08:00,342.552,342.552,342.552,342.552
2022-10-13T08:00:00+08:00,341.75,341.75,341.75,341.75
2022-10-14T08:00:00+08:00,341.75,341.75,341.75,341.75
2022-10-17T08:00:00+08:00,343.3915,343.3915,343.3915,343.3915
2022-10-18T08:00:00+08:00,348.3516,348.3516,348.3516,348.3516
2022-10-19T08:00:00+08:00,344.0806,344.0806,344.0806,344.0806
2022-10-20T08:00:00+08:00,339.1991,339.1991,339.1991,339.1991
2022-10-21T08:00:00+08:00,337.7828,337.7828,337.7828,337.7828
2022-10-24T08:00:00+08:00,349.9197,349.9197,349.9197,349.9197
2022-10-25T08:00:00+08:00,346.5378,346.5378,346.5378,346.5378
2022-10-26T08:00:00+08:00,362.7009,362.7009,362.7009,362.7009
2022-10-27T08:00:00+08:00,377.1078,377.1078,377.1078,377.1078
2022-10-28T08:00:00+08:00,368.2435,368.2435,368.2435,368.2435
2022-10-31T08:00:00+08:00,380.925,380.925,380.925,380.925
2022-11-02T08:00:00+08:00,380.9546,380.9546,380.9546,380.9546
2022-11-03T08:00:00+08:00,371.763,371.763,371.763,371.763
2022-11-04T08:00:00+08:00,373.9758,373.9758,373.9758,373.9758
2022-11-07T08:00:00+08:00,383.8824,383.8824,383.8824,383.8824
2022-11-09T08:00:00+08:00,338.9744,338.9744,338.9744,338.9744
2022-11-11T08:00:00+08:00,326.3606,326.3606,326.3606,326.3606
2022-11-14T08:00:00+08:00,303.0393,303.0393,303.0393,303.0393
2022-11-15T08:00:00+08:00,307.5491,307.5491,307.5491,307.5491
2022-11-16T08:00:00+08:00,307.5491,307.5491,307.5491,307.5491
2022-11-17T08:00:00+08:00,306.2351,306.2351,306.2351,306.2351
2022-11-18T08:00:00+08:00,305.2795,305.2795,305.2795,305.2795
2022-11-21T08:00:00+08:00,296.3518,296.3518,296.3518,296.3518
2022-11-22T08:00:00+08:00,288.1458,288.1458,288.1458,288.1458
2022-11-23T08:00:00+08:00,295.6753,295.6753,295.6753,295.6753
2022-11-28T08:00:00+08:00,310.1892,310.1892,310.1892,310.1892
2022-11-30T08:00:00+08:00,309.8445,309.8445,309.8445,309.8445
2022-12-01T08:00:00+08:00,322.6707,322.6707,322.6707,322.6707
2022-12-02T08:00:00+08:00,319.3732,319.3732,319.3732,319.3732
2022-12-05T08:00:00+08:00,321.0007,321.0007,321.0007,321.0007
2022-12-06T08:00:00+08:00,317.6119,317.6119,317.6119,317.6119
2022-12-07T08:00:00+08:00,319.252,319.252,319.252,319.252
2022-12-08T08:00:00+08:00,313.3441,313.3441,313.3441,313.3441
2022-12-09T08:00:00+08:00,320.985,320.985,320.985,320.985
2022-12-12T08:00:00+08:00,320.985,320.985,320.985,320.985
2022-12-13T08:00:00+08:00,317.4528,317.4528,317.4528,317.4528
2022-12-14T08:00:00+08:00,317.4528,317.4528,317.4528,317.4528
2022-12-15T08:00:00+08:00,324.4184,324.4184,324.4184,324.4184
2022-12-16T08:00:00+08:00,316.129,316.129,316.129,316.129
2022-12-19T08:00:00+08:00,301.4217,301.4217,301.4217,301.4217
2022-12-20T08:00:00+08:00,294.4142,294.4142,294.4142,294.4142
2022-12-21T08:00:00+08:00,303.7337,303.7337,303.7337,303.7337
2022-12-22T08:00:00+08:00,303.7337,303.7337,303.7337,303.7337
2022-12-23T08:00:00+08:00,302.7079,302.7079,302.7079,302.7079
2022-12-26T08:00:00+08:00,302.4636,302.4636,302.4636,302.4636
2022-12-27T08:00:00+08:00,304.1639,304.1639,304.1639,304.1639
2022-12-28T08:00:00+08:00,300.8869,300.8869,300.8869,300.8869
2022-12-29T08:00:00+08:00,296.2166,296.2166,296.2166,296.2166
2022-12-30T08:00:00+08:00,297.4289,297.4289,297.4289,297.4289
2023-01-02T08:00:00+08:00,297.5842,297.5842,297.5842,297.5842
2023-01-03T08:00:00+08:00,299.6789,299.6789,299.6789,299.6789
2023-01-04T08:00:00+08:00,299.4305,299.4305,299.4305,299.4305
2023-01-05T08:00:00+08:00,305.5092,305.5092,305.5092,305.5092
2023-01-06T08:00:00+08:00,304.7177,304.7177,304.7177,304.7177
2023-01-09T08:00:00+08:00,312.2201,312.2201,312.2201,312.2201
2023-01-10T08:00:00+08:00,316.5277,316.5277,316.5277,316.5277
2023-01-11T08:00:00+08:00,319.9509,319.9509,319.9509,319.9509
2023-01-12T08:00:00+08:00,329.5965,329.5965,329.5965,329.5965
2023-01-13T08:00:00+08:00,341.1534,341.1534,341.1534,341.1534
2023-01-16T08:00:00+08:00,370.8874,370.8874,370.8874,370.8874
2023-01-17T08:00:00+08:00,374.7347,374.7347,374.7347,374.7347
2023-01-18T08:00:00+08:00,374.7347,374.7347,374.7347,374.7347
2023-01-19T08:00:00+08:00,374.7347,374.7347,374.7347,374.7347
2023-01-20T08:00:00+08:00,370.5002,370.5002,370.5002,370.5002
2023-01-23T08:00:00+08:00,393.1957,393.1957,393.1957,393.1957
2023-01-24T08:00:00+08:00,396.545,396.545,396.545,396.545
2023-01-25T08:00:00+08:00,387.4167,387.4167,387.4167,387.4167
2023-01-26T08:00:00+08:00,397.1561,397.1561,397.1561,397.1561
2023-01-27T08:00:00+08:00,395.9845,395.9845,395.9845,395.9845
2023-01-30T08:00:00+08:00,408.6258,408.6258,408.6258,408.6258
2023-01-31T08:00:00+08:00,408.6258,408.6258,408.6258,408.6258
2023-02-01T08:00:00+08:00,398.6636,398.6636,398.6636,398.6636
2023-02-02T08:00:00+08:00,408.8966,408.8966,408.8966,408.8966
2023-02-03T08:00:00+08:00,406.5597,406.5597,406.5597,406.5597
2023-02-06T08:00:00+08:00,402.8325,402.8325,402.8325,402.8325
2023-02-07T08:00:00+08:00,399.2458,399.2458,399.2458,399.2458
2023-02-08T08:00:00+08:00,410.8217,410.8217,410.8217,410.8217
2023-02-09T08:00:00+08:00,407.0989,407.0989,407.0989,407.0989
2023-02-10T08:00:00+08:00,383.9458,383.9458,383.9458,383.9458
2023-02-13T08:00:00+08:00,383.8856,383.8856,383.8856,383.8856
2023-02-14T08:00:00+08:00,381.8655,381.8655,381.8655,381.8655
2023-02-15T08:00:00+08:00,390.4944,390.4944,390.4944,390.4944
2023-02-16T08:00:00+08:00,421.4351,421.4351,421.4351,421.4351
2023-02-20T08:00:00+08:00,450.0737,450.0737,450.0737,450.0737
2023-02-21T08:00:00+08:00,457.6744,457.6744,457.6744,457.6744
2023-02-22T08:00:00+08:00,457.3977,457.3977,457.3977,457.3977
2023-02-23T08:00:00+08:00,450.7663,450.7663,450.7663,450.7663
2023-02-24T08:00:00+08:00,454.7066,454.7066,454.7066,454.7066
2023-02-27T08:00:00+08:00,442.7637,442.7637,442.7637,442.7637
2023-02-28T08:00:00+08:00,440.9125,440.9125,440.9125,440.9125
2023-03-01T08:00:00+08:00,431.5528,431.5528,431.5528,431.5528
2023-03-02T08:00:00+08:00,442.712,442.712,442.712,442.712
2023-03-03T08:00:00+08:00,433.6555,433.6555,433.6555,433.6555
2023-03-06T08:00:00+08:00,411.7627,411.7627,411.7627,411.7627
2023-03-07T08:00:00+08:00,410.4086,410.4086,410.4086,410.4086
2023-03-08T08:00:00+08:00,405.4206,405.4206,405.4206,405.4206
2023-03-09T08:00:00+08:00,395.1745,395.1745,395.1745,395.1745
2023-03-10T08:00:00+08:00,372.1084,372.1084,372.1084,372.1084
2023-03-13T08:00:00+08:00,405.2558,405.2558,405.2558,405.2558
2023-03-14T08:00:00+08:00,434.0815,434.0815,434.0815,434.0815
2023-03-15T08:00:00+08:00,443.1375,443.1375,443.1375,443.1375
2023-03-16T08:00:00+08:00,430.7976,430.7976,430.7976,430.7976
2023-03-17T08:00:00+08:00,440.7681,440.7681,440.7681,440.7681
2023-03-20T08:00:00+08:00,482.9051,482.9051,482.9051,482.9051
2023-03-21T08:00:00+08:00,471.7612,471.7612,471.7612,471.7612
2023-03-22T08:00:00+08:00,486.3138,486.3138,486.3138,486.3138
2023-03-24T08:00:00+08:00,487.7338,487.7338,487.7338,487.7338
2023-03-27T08:00:00+08:00,477.2593,477.2593,477.2593,477.2593
2023-03-28T08:00:00+08:00,460.0809,460.0809,460.0809,460.0809
2023-03-29T08:00:00+08:00,466.4183,466.4183,466.4183,466.4183
2023-03-30T08:00:00+08:00,482.0649,482.0649,482.0649,482.0649
2023-03-31T08:00:00+08:00,478.047,478.047,478.047,478.047
2023-04-03T08:00:00+08:00,480.2253,480.2253,480.2253,480.2253
2023-04-04T08:00:00+08:00,476.8099,476.8099,476.8099,476.8099
2023-04-05T08:00:00+08:00,484.63,484.63,484.63,484.63
2023-04-06T08:00:00+08:00,489.0644,489.0644,489.0644,489.0644
2023-04-07T08:00:00+08:00,489.0644,489.0644,489.0644,489.0644
2023-04-10T08:00:00+08:00,483.9765,483.9765,483.9765,483.9765
2023-04-11T08:00:00+08:00,503.4041,503.4041,503.4041,503.4041
2023-04-12T08:00:00+08:00,506.4518,506.4518,506.4518,506.4518
2023-04-13T08:00:00+08:00,502.911,502.911,502.911,502.911
2023-04-14T08:00:00+08:00,515.0962,515.0962,515.0962,515.0962
2023-04-17T08:00:00+08:00,524.7008,524.7008,524.7008,524.7008
2023-04-18T08:00:00+08:00,511.635,511.635,511.635,511.635
2023-04-19T08:00:00+08:00,524.7547,524.7547,524.7547,524.7547
2023-04-20T08:00:00+08:00,496.834,496.834,496.834,496.834
2023-04-21T08:00:00+08:00,490.6284,490.6284,490.6284,490.6284
2023-04-24T08:00:00+08:00,479.8883,479.8883,479.8883,479.8883
2023-04-25T08:00:00+08:00,478.2233,478.2233,478.2233,478.2233
2023-04-26T08:00:00+08:00,485.8625,485.8625,485.8625,485.8625
2023-04-27T08:00:00+08:00,489.109,489.109,489.109,489.109
2023-04-28T08:00:00+08:00,489.109,489.109,489.109,489.109
2023-05-01T08:00:00+08:00,493.9626,493.9626,493.9626,493.9626
2023-05-02T08:00:00+08:00,479.5743,479.5743,479.5743,479.5743
2023-05-03T08:00:00+08:00,488.3497,488.3497,488.3497,488.3497
2023-05-04T08:00:00+08:00,495.048,495.048,495.048,495.048
2023-05-05T08:00:00+08:00,491.0268,491.0268,491.0268,491.0268
2023-05-08T08:00:00+08:00,483.5091,483.5091,483.5091,483.5091
2023-05-09T08:00:00+08:00,467.8126,467.8126,467.8126,467.8126
2023-05-10T08:00:00+08:00,467.874,467.874,467.874,467.874
2023-05-11T08:00:00+08:00,469.0933,469.0933,469.0933,469.0933
2023-05-12T08:00:00+08:00,455.7094,455.7094,455.7094,455.7094
2023-05-15T08:00:00+08:00,451.0395,451.0395,451.0395,451.0395
2023-05-16T08:00:00+08:00,455.3209,455.3209,455.3209,455.3209
2023-05-17T08:00:00+08:00,456.5001,456.5001,456.5001,456.5001
2023-05-18T08:00:00+08:00,461.3362,461.3362,461.3362,461.3362
2023-05-19T08:00:00+08:00,459.8777,459.8777,459.8777,459.8777
2023-05-22T08:00:00+08:00,457.6667,457.6667,457.6667,457.6667
2023-05-23T08:00:00+08:00,457.5827,457.5827,457.5827,457.5827
2023-05-24T08:00:00+08:00,463.3823,463.3823,463.3823,463.3823
2023-05-25T08:00:00+08:00,448.0502,448.0502,448.0502,448.0502
2023-05-26T08:00:00+08:00,448.6549,448.6549,448.6549,448.6549
2023-05-29T08:00:00+08:00,476.7267,476.7267,476.7267,476.7267
2023-05-31T08:00:00+08:00,472.4425,472.4425,472.4425,472.4425
2023-06-01T08:00:00+08:00,465.098,465.098,465.098,465.098
2023-06-02T08:00:00+08:00,460.6872,460.6872,460.6872,460.6872
2023-06-05T08:00:00+08:00,466.594,466.594,466.594,466.594
2023-06-06T08:00:00+08:00,445.1374,445.1374,445.1374,445.1374
2023-06-07T08:00:00+08:00,463.9077,463.9077,463.9077,463.9077
2023-06-08T08:00:00+08:00,449.5841,449.5841,449.5841,449.5841
2023-06-09T08:00:00+08:00,451.9097,451.9097,451.9097,451.9097
2023-06-12T08:00:00+08:00,436.2316,436.2316,436.2316,436.2316
2023-06-13T08:00:00+08:00,435.0205,435.0205,435.0205,435.0205
2023-06-14T08:00:00+08:00,435.7712,435.7712,435.7712,435.7712
2023-06-15T08:00:00+08:00,421.6769,421.6769,421.6769,421.6769
2023-06-16T08:00:00+08:00,426.7987,426.7987,426.7987,426.7987
2023-06-19T08:00:00+08:00,437.81,437.81,437.81,437.81
2023-06-20T08:00:00+08:00,443.424,443.424,443.424,443.424
2023-06-23T08:00:00+08:00,460.6694,460.6694,460.6694,460.6694
2023-06-30T08:00:00+08:00,488.3743,488.3743,488.3743,488.3743
2023-07-03T08:00:00+08:00,494.6692,494.6692,494.6692,494.6692
2023-07-04T08:00:00+08:00,500.6425,500.6425,500.6425,500.6425
2023-07-05T08:00:00+08:00,495.428,495.428,495.428,495.428
2023-07-06T08:00:00+08:00,490.494,490.494,490.494,490.494
2023-07-07T08:00:00+08:00,480.0833,480.0833,480.0833,480.0833
2023-07-10T08:00:00+08:00,483.6607,483.6607,483.6607,483.6607
2023-07-11T08:00:00+08:00,488.2484,488.2484,488.2484,488.2484
2023-07-12T08:00:00+08:00,490.201,490.201,490.201,490.201
2023-07-13T08:00:00+08:00,487.2275,487.2275,487.2275,487.2275
2023-07-14T08:00:00+08:00,516.3486,516.3486,516.3486,516.3486
2023-07-17T08:00:00+08:00,496.1448,496.1448,496.1448,496.1448
2023-07-18T08:00:00+08:00,494.4179,494.4179,494.4179,494.4179
2023-07-28T08:00:00+08:00,482.691,482.691,482.691,482.691
2023-07-31T08:00:00+08:00,483.633,483.633,483.633,483.633
2023-08-01T08:00:00+08:00,481.8315,481.8315,481.8315,481.8315
2023-08-02T08:00:00+08:00,487.3386,487.3386,487.3386,487.3386
2023-08-03T08:00:00+08:00,478.6783,478.6783,478.6783,478.6783
2023-08-04T08:00:00+08:00,477.9859,477.9859,477.9859,477.9859
2023-08-07T08:00:00+08:00,475.3536,475.3536,475.3536,475.3536
2023-08-08T08:00:00+08:00,476.5636,476.5636,476.5636,476.5636
2023-08-09T08:00:00+08:00,484.5171,484.5171,484.5171,484.5171
2023-08-10T08:00:00+08:00,482.6185,482.6185,482.6185,482.6185
2023-08-11T08:00:00+08:00,480.6577,480.6577,480.6577,480.6577
2023-08-14T08:00:00+08:00,478.1602,478.1602,478.1602,478.1602
2023-08-15T08:00:00+08:00,479.8757,479.8757,479.8757,479.8757
2023-08-16T08:00:00+08:00,474.7835,474.7835,474.7835,474.7835
2023-08-17T08:00:00+08:00,467.2722,467.2722,467.2722,467.2722
2023-08-18T08:00:00+08:00,437.4957,437.4957,437.4957,437.4957
2023-08-21T08:00:00+08:00,434.9115,434.9115,434.9115,434.9115
2023-08-22T08:00:00+08:00,432.1385,432.1385,432.1385,432.1385
2023-08-23T08:00:00+08:00,429.0617,429.0617,429.0617,429.0617
2023-08-24T08:00:00+08:00,436.4549,436.4549,436.4549,436.4549
2023-08-25T08:00:00+08:00,432.4024,432.4024,432.4024,432.4024
2023-08-28T08:00:00+08:00,431.8225,431.8225,431.8225,431.8225
2023-08-29T08:00:00+08:00,431.671,431.671,431.671,431.671
2023-08-30T08:00:00+08:00,431.671,431.671,431.671,431.671
2023-09-01T08:00:00+08:00,446.2398,446.2398,446.2398,446.2398
2023-09-08T08:00:00+08:00,446.2398,446.2398,446.2398,446.2398
2023-09-14T08:00:00+08:00,446.2398,446.2398,446.2398,446.2398
2023-09-27T08:00:00+08:00,377.9827,377.9827,377.9827,377.9827
2023-10-09T08:00:00+08:00,396.5222,396.5222,396.5222,396.5222